ID,Paymethod,Sex,Status,Children,Est_Income,Car_Owner,Age,CHURN
11,CC,M,S,2,96.33,N,56.47,Current
523,CC,M,S,2,96.33,N,56.47,Current
1035,CC,M,S,2,96.33,N,56.47,Current
1547,CC,M,S,2,96.33,N,56.47,Current
3808,CC,M,S,2,96.33,N,56.47,Current
237,CC,F,M,2,194.57,N,42.00,Current
749,CC,F,M,2,194.57,N,47.00,Current
1261,CC,F,M,2,194.57,N,41.00,Current
1773,CC,F,M,2,194.57,N,70.00,Current
478,CC,F,S,0,433.74,N,60.75,Vol
990,CC,F,S,0,433.74,N,60.75,Vol
1502,CC,F,S,0,433.74,N,60.75,Vol
2014,CC,F,S,0,433.74,N,60.75,Vol
2261,CC,F,S,0,433.74,N,60.75,Vol
2530,CC,F,S,0,433.74,N,60.75,Vol
2774,CC,F,S,0,433.74,N,60.75,Vol
3038,CC,F,S,0,433.74,N,60.75,Vol
3282,CC,F,S,0,433.74,N,60.75,Vol
3526,CC,F,S,0,433.74,N,60.75,Vol
3770,CC,F,S,0,433.74,N,60.75,Vol
298,Auto,F,S,1,540.40,Y,39.21,Vol
810,Auto,F,S,1,540.40,Y,39.21,Vol
1322,Auto,F,S,1,540.40,Y,39.21,Vol
1834,Auto,F,S,1,540.40,Y,39.21,Vol
2165,Auto,F,S,1,540.40,Y,39.21,Vol
2434,Auto,F,S,1,540.40,Y,39.21,Vol
2678,Auto,F,S,1,540.40,Y,39.21,Vol
2942,Auto,F,S,1,540.40,Y,39.21,Vol
3186,Auto,F,S,1,540.40,Y,39.21,Vol
3430,Auto,F,S,1,540.40,Y,39.21,Vol
3674,Auto,F,S,1,540.40,Y,39.21,Vol
279,CH,F,M,2,809.43,Y,31.91,Current
791,CH,F,M,2,809.43,Y,31.91,Current
1303,CH,F,M,2,809.43,Y,31.91,Current
1815,CH,F,M,2,809.43,Y,31.91,Current
349,CH,F,S,0,919.93,N,38.26,Vol
861,CH,F,S,0,919.93,N,38.26,Vol
1373,CH,F,S,0,919.93,N,38.26,Vol
1885,CH,F,S,0,919.93,N,38.26,Vol
158,CC,M,M,2,1406.05,Y,19.31,Current
670,CC,M,M,2,1406.05,Y,19.31,Current
1182,CC,M,M,2,1406.05,Y,19.31,Current
1694,CC,M,M,2,1406.05,Y,19.31,Current
124,CC,M,M,2,1765.41,N,18.77,Current
636,CC,M,M,2,1765.41,N,18.77,Current
1148,CC,M,M,2,1765.41,N,18.77,Current
1660,CC,M,M,2,1765.41,N,18.77,Current
2097,CC,M,M,2,1765.41,N,18.77,Current
2341,CC,M,M,2,1765.41,N,18.77,Current
2366,CC,M,M,2,1765.41,N,18.77,Current
2610,CC,M,S,1,1765.41,N,18.77,Current
2874,CC,M,M,2,1765.41,N,18.77,Current
3118,CC,M,S,1,1765.41,N,18.77,Current
3362,CC,M,M,2,1765.41,N,18.77,Current
3606,CC,M,M,2,1765.41,N,18.77,Current
484,CC,F,M,0,2031.61,N,20.30,Vol
996,CC,F,M,0,2031.61,N,20.30,Vol
1508,CC,F,M,0,2031.61,N,20.30,Vol
2020,CC,F,M,0,2031.61,N,20.30,Vol
2267,CC,F,M,0,2031.61,N,20.30,Vol
2536,CC,F,M,0,2031.61,N,20.30,Vol
2780,CC,F,M,0,2031.61,N,20.30,Vol
3044,CC,F,M,0,2031.61,N,20.30,Vol
3288,CC,F,M,0,2031.61,N,20.30,Vol
3532,CC,F,M,0,2031.61,N,20.30,Vol
3776,CC,F,M,0,2031.61,N,20.30,Vol
219,Auto,M,S,0,2056.06,Y,18.94,Vol
731,Auto,M,S,1,2056.06,Y,18.94,Vol
1243,Auto,M,D,0,2056.06,Y,18.94,Vol
1755,Auto,M,S,0,2056.06,Y,18.94,Vol
221,CC,M,M,1,2067.82,N,47.85,Current
733,CC,M,M,1,2067.82,N,47.85,Current
1245,CC,M,M,1,2067.82,N,47.85,Current
1757,CC,M,M,1,2067.82,N,47.85,Current
2141,CC,M,M,1,2067.82,N,47.85,Current
2410,CC,M,M,1,2067.82,N,47.85,Current
2654,CC,M,M,1,2067.82,N,47.85,Current
2918,CC,M,M,1,2067.82,N,47.85,Current
3162,CC,M,M,1,2067.82,N,47.85,Current
3406,CC,M,M,1,2067.82,N,47.85,Current
3650,CC,M,M,1,2067.82,N,47.85,Current
266,CC,F,S,0,2121.36,N,39.79,Vol
778,CC,F,S,0,2121.36,N,39.79,Vol
1290,CC,F,S,0,2121.36,N,39.79,Vol
1802,CC,F,S,0,2121.36,N,39.79,Vol
370,CH,F,M,2,2185.60,N,52.51,Current
882,CH,F,M,2,2185.60,N,52.51,Current
1394,CH,F,M,2,2185.60,N,52.51,Current
1906,CH,F,M,2,2185.60,N,52.51,Current
1470,CC,F,S,1,2800.68,N,45.67,Vol
1982,CC,F,S,1,2800.68,N,45.67,Vol
2240,CC,F,S,1,2800.68,N,45.67,Vol
2509,CC,F,S,1,2800.68,N,45.67,Vol
2753,CC,F,S,1,2800.68,N,45.67,Vol
3017,CC,F,S,1,2800.68,N,45.67,Vol
3261,CC,F,S,1,2800.68,N,45.67,Vol
3505,CC,F,S,1,2800.68,N,45.67,Vol
3749,CC,F,S,1,2800.68,N,45.67,Vol
1331,CC,M,S,0,2805.01,Y,25.00,Vol
135,Auto,F,S,2,2842.55,N,45.92,Vol
647,Auto,F,S,2,2842.55,N,45.92,Vol
1159,Auto,F,S,2,2842.55,N,45.92,Vol
1671,Auto,F,S,2,2842.55,N,45.92,Vol
458,CH,F,S,1,2929.13,N,53.51,Vol
970,CH,F,S,1,2929.13,N,53.51,Vol
1482,CH,F,S,1,2929.13,N,53.51,Vol
1994,CH,F,S,1,2929.13,N,53.51,Vol
214,CH,F,M,2,3193.60,N,54.05,Current
726,CH,F,M,2,3193.60,N,54.05,Current
1238,CH,F,M,2,3193.60,N,54.05,Current
1750,CH,F,M,2,3193.60,N,54.05,Current
332,CC,F,S,2,3416.62,Y,22.76,Vol
844,CC,F,S,2,3416.62,Y,22.76,Vol
1356,CC,F,S,2,3416.62,Y,22.76,Vol
1868,CC,F,S,2,3416.62,Y,22.76,Vol
2174,CC,F,S,2,3416.62,Y,22.76,Vol
2443,CC,F,S,2,3416.62,Y,22.76,Vol
2687,CC,F,S,2,3416.62,Y,22.76,Vol
2951,CC,F,S,2,3416.62,Y,22.76,Vol
3195,CC,F,S,2,3416.62,Y,22.76,Vol
3439,CC,F,S,2,3416.62,Y,22.76,Vol
3683,CC,F,S,2,3416.62,Y,22.76,Vol
77,Auto,M,S,0,3601.71,N,49.27,Vol
589,Auto,M,S,0,3601.71,N,49.27,Current
1101,Auto,M,S,0,3601.71,N,49.27,Vol
1317,Auto,M,S,0,3601.71,N,49.27,Vol
1613,Auto,M,S,0,3601.71,N,49.27,Vol
2624,Auto,M,S,0,3601.71,N,49.27,Current
1276,CC,M,M,0,3911.90,N,59.00,Current
1788,CC,M,M,0,3911.90,N,38.41,Current
3177,CC,M,M,0,3911.90,N,38.41,Current
714,CC,M,M,1,3933.74,N,17.86,Current
1226,CC,M,M,1,3933.74,N,17.86,Current
419,Auto,M,S,1,3960.50,N,14.69,Vol
931,Auto,M,S,1,3960.50,N,14.69,Vol
1443,Auto,M,S,1,3960.50,N,14.69,Vol
1955,Auto,M,S,1,3960.50,N,14.69,Vol
308,CC,F,S,0,5185.31,N,62.05,Vol
820,CC,F,S,0,5185.31,N,62.05,Vol
1332,CC,F,S,0,5185.31,N,62.05,Vol
1844,CC,F,S,0,5185.31,N,62.05,Vol
42,CC,F,M,2,5237.63,N,48.75,Current
554,CC,F,M,2,5237.63,N,48.75,Current
1066,CC,F,M,2,5237.63,N,48.75,Current
1578,CC,F,M,2,5237.63,N,48.75,Current
656,Auto,M,M,1,5252.29,N,16.33,Current
1680,Auto,M,M,1,5252.29,N,16.33,Current
2106,Auto,M,M,1,5252.29,N,16.33,Current
2619,Auto,M,M,1,5252.29,N,16.33,Current
473,Auto,M,M,2,5265.35,N,52.87,Current
985,Auto,M,M,2,5265.35,N,52.87,Current
1497,Auto,M,M,2,5265.35,N,52.87,Current
2009,Auto,M,S,1,5265.35,N,52.87,Current
3158,CH,M,M,1,5306.11,N,39.09,Current
3402,CH,M,M,1,5306.11,N,39.09,Current
337,CC,M,M,0,5745.00,Y,15.38,Vol
849,CC,M,M,0,5745.00,Y,15.38,Vol
1361,CC,M,M,0,5745.00,Y,15.38,Vol
1873,CC,M,M,0,5745.00,Y,15.38,Vol
2176,CC,M,M,0,5745.00,Y,15.38,Vol
2445,CC,M,M,0,5745.00,Y,15.38,Vol
2689,CC,M,M,0,5745.00,Y,15.38,Vol
2953,CC,M,M,0,5745.00,Y,15.38,Vol
3197,CC,M,M,0,5745.00,Y,15.38,Vol
3441,CC,M,M,0,5745.00,Y,15.38,Vol
3685,CC,M,M,0,5745.00,Y,15.38,Vol
139,CH,F,S,2,6440.46,Y,52.65,Current
651,CH,F,S,2,6440.46,Y,41.00,Current
1163,CH,F,S,2,6440.46,Y,43.00,Current
1675,CH,F,S,2,6440.46,Y,70.00,Current
2102,CH,F,S,2,6440.46,Y,48.00,Current
2371,CH,F,S,2,6440.46,Y,41.00,Current
2615,CH,F,S,2,6440.46,Y,46.00,Current
2879,CH,F,S,2,6440.46,Y,61.00,Current
3123,CH,F,S,2,6440.46,Y,52.00,Current
3367,CH,F,S,2,6440.46,Y,42.00,Current
3611,CH,F,S,2,6440.46,Y,41.00,Current
374,CH,F,M,1,6946.07,N,23.00,Vol
1910,CH,F,M,1,6946.07,N,20.00,Vol
2182,CH,F,M,1,6946.07,N,20.00,Vol
140,CC,F,S,0,7325.50,N,36.92,Vol
652,CC,F,S,0,7325.50,N,36.92,Vol
1164,CC,F,S,0,7325.50,N,36.92,Vol
1676,CC,F,S,0,7325.50,N,36.92,Vol
29,CC,M,M,1,7545.96,Y,16.75,Vol
541,CC,M,M,1,7545.96,Y,16.75,Vol
1053,CC,M,M,1,7545.96,Y,16.75,Vol
1565,CC,M,M,1,7545.96,Y,16.75,Vol
2064,CC,M,M,1,7545.96,Y,16.75,Vol
2308,CC,M,M,1,7545.96,Y,16.75,Vol
2577,CC,M,M,1,7545.96,Y,16.75,Vol
2821,CC,M,M,1,7545.96,Y,16.75,Vol
2841,CC,M,M,1,7545.96,Y,16.75,Vol
3085,CC,M,M,1,7545.96,Y,16.75,Vol
3329,CC,M,M,1,7545.96,Y,16.75,Vol
3573,CC,M,M,1,7545.96,Y,16.75,Vol
60,CC,F,S,1,7737.94,N,42.67,Vol
572,CC,F,S,1,7737.94,N,42.67,Vol
1084,CC,F,S,1,7737.94,N,42.67,Vol
1596,CC,F,S,1,7737.94,N,42.67,Vol
220,CC,F,M,2,7776.60,N,35.71,Current
732,CC,F,M,2,7776.60,N,35.71,Current
1244,CC,F,M,2,7776.60,N,35.71,Current
1756,CC,F,M,2,7776.60,N,35.71,Current
335,CC,F,M,2,8032.16,N,45.67,Current
847,CC,F,M,2,8032.16,N,45.67,Current
1359,CC,F,M,2,8032.16,N,45.67,Current
1871,CC,F,M,2,8032.16,N,45.67,Current
492,Auto,F,M,1,8073.11,N,43.00,Current
1004,Auto,F,M,1,8073.11,N,46.00,Current
1516,Auto,F,M,1,8073.11,N,48.00,Current
2028,Auto,F,M,1,8073.11,N,55.00,Current
2274,Auto,F,M,1,8073.11,N,52.00,Current
2543,Auto,F,M,1,8073.11,N,47.00,Current
2787,Auto,F,M,1,8073.11,N,52.65,Current
3051,Auto,F,M,1,8073.11,N,41.00,Current
3295,Auto,F,M,1,8073.11,N,43.00,Current
3539,Auto,F,M,1,8073.11,N,70.00,Current
3783,Auto,F,M,1,8073.11,N,47.00,Current
86,CH,F,M,2,8204.72,N,52.97,Current
598,CH,F,M,2,8204.72,N,52.97,Current
1110,CH,F,M,2,8204.72,N,52.97,Current
1622,CH,F,M,2,8204.72,N,52.97,Current
355,CH,F,S,2,8392.14,Y,36.68,Vol
867,CH,F,S,2,8392.14,Y,36.68,Vol
1379,CH,F,S,2,8392.14,Y,36.68,Vol
1891,CH,F,S,2,8392.14,Y,36.68,Vol
439,CC,F,D,1,9309.57,Y,24.00,Vol
1975,CC,M,M,2,9309.57,Y,25.44,Current
2233,CC,M,M,2,9309.57,Y,25.44,Current
2502,CC,M,S,0,9309.57,Y,25.44,Current
2746,CC,M,M,2,9309.57,Y,25.44,Current
3010,CC,M,S,0,9309.57,Y,25.44,Current
3254,CC,M,M,2,9309.57,Y,25.44,Current
3498,CC,F,M,2,9309.57,Y,25.44,Current
3742,CC,F,M,2,9309.57,Y,25.44,Current
68,CC,F,S,2,9559.78,N,51.38,Vol
580,CC,F,S,2,9559.78,N,51.38,Vol
1092,CC,F,S,2,9559.78,N,51.38,Vol
1604,CC,F,S,2,9559.78,N,51.38,Vol
1539,CC,M,M,0,9780.66,N,24.55,Current
2052,CC,M,M,0,9780.66,N,24.55,Current
2565,CC,M,M,0,9780.66,N,24.55,Current
2829,CC,M,M,0,9780.66,N,24.55,Current
3317,CC,M,M,0,9780.66,N,24.55,Current
481,CH,M,M,2,10708.30,N,26.03,Current
993,CH,M,M,2,10708.30,N,26.03,Current
1505,CH,M,M,2,10708.30,N,26.03,Current
2017,CH,M,M,2,10708.30,N,26.03,Current
2264,CH,M,M,2,10708.30,N,26.03,Current
2533,CH,M,M,2,10708.30,N,26.03,Current
2777,CH,M,M,2,10708.30,N,26.03,Current
3041,CH,M,M,2,10708.30,N,26.03,Current
3285,CH,M,M,2,10708.30,N,26.03,Current
3529,CH,M,M,2,10708.30,N,26.03,Current
3773,CH,M,M,2,10708.30,N,26.03,Current
375,CC,F,M,2,11234.70,Y,49.05,Current
887,CC,F,M,2,11234.70,Y,49.05,Current
1399,CC,F,M,2,11234.70,Y,49.05,Current
1911,CC,F,M,2,11234.70,Y,49.05,Current
2183,CC,F,M,2,11234.70,Y,49.05,Current
2452,CC,F,M,2,11234.70,Y,49.05,Current
2696,CC,F,M,2,11234.70,Y,49.05,Current
2960,CC,F,M,2,11234.70,Y,49.05,Current
3204,CC,F,M,2,11234.70,Y,49.05,Current
3448,CC,F,M,2,11234.70,Y,49.05,Current
3692,CC,F,M,2,11234.70,Y,49.05,Current
315,CC,F,S,2,11251.10,Y,61.00,Vol
827,CC,F,S,2,11251.10,Y,52.00,Vol
1339,CC,F,S,2,11251.10,Y,43.00,Vol
1851,CC,F,S,2,11251.10,Y,47.00,Vol
2169,CC,F,S,2,11251.10,Y,52.65,Vol
2438,CC,F,S,2,11251.10,Y,41.00,Vol
2682,CC,F,S,2,11251.10,Y,46.00,Vol
2946,CC,F,S,2,11251.10,Y,61.00,Vol
3190,CC,F,S,2,11251.10,Y,52.00,Vol
3434,CC,F,S,2,11251.10,Y,62.00,Vol
3678,CC,F,S,2,11251.10,Y,43.00,Vol
404,Auto,F,S,1,12374.90,Y,33.49,Vol
916,Auto,F,S,1,12374.90,Y,33.49,Vol
1428,Auto,F,S,1,12374.90,Y,33.49,Vol
1940,Auto,F,S,1,12374.90,Y,33.49,Vol
2201,Auto,F,S,1,12374.90,Y,33.49,Vol
2470,Auto,F,S,1,12374.90,Y,33.49,Vol
2714,Auto,F,S,1,12374.90,Y,33.49,Vol
2978,Auto,F,S,1,12374.90,Y,33.49,Vol
3222,Auto,F,S,1,12374.90,Y,33.49,Vol
3466,Auto,F,S,1,12374.90,Y,33.49,Vol
3710,Auto,F,S,1,12374.90,Y,33.49,Vol
386,Auto,M,M,0,12387.60,N,56.17,Current
898,Auto,M,M,0,12387.60,N,56.17,Current
1410,Auto,M,M,0,12387.60,N,56.17,Current
1922,Auto,M,M,0,12387.60,N,56.17,Current
2184,Auto,M,M,0,12387.60,N,56.17,Current
195,CC,F,S,1,12526.30,N,53.55,Vol
707,CC,F,S,1,12526.30,N,53.55,Vol
1219,CC,F,S,1,12526.30,N,53.55,Vol
1731,CC,F,S,1,12526.30,N,53.55,Vol
182,Auto,F,S,1,12686.00,N,64.80,Vol
694,Auto,F,S,1,12686.00,N,64.80,Vol
1206,Auto,F,S,1,12686.00,N,64.80,Vol
1718,Auto,F,S,1,12686.00,N,64.80,Vol
821,CC,F,D,1,13011.40,N,16.06,Vol
117,CC,M,M,1,13091.60,N,59.13,Current
629,CC,M,M,1,13091.60,N,59.13,Current
1141,CC,M,M,1,13091.60,N,59.13,Current
1653,CC,M,M,1,13091.60,N,59.13,Current
2090,CC,M,M,1,13091.60,N,59.13,Current
2334,CC,M,M,1,13091.60,N,59.13,Current
2359,CC,M,M,1,13091.60,N,59.13,Current
2603,CC,M,M,1,13091.60,N,59.13,Current
2867,CC,M,M,1,13091.60,N,59.13,Current
3111,CC,M,M,1,13091.60,N,59.13,Current
3355,CC,M,M,1,13091.60,N,59.13,Current
3599,CC,M,M,1,13091.60,N,59.13,Current
108,Auto,F,S,1,13109.10,N,62.61,Vol
620,Auto,F,S,1,13109.10,N,62.61,Vol
1132,Auto,F,S,1,13109.10,N,62.61,Vol
1644,Auto,F,S,1,13109.10,N,62.61,Vol
2082,Auto,F,S,1,13109.10,N,62.61,Vol
2326,Auto,F,S,1,13109.10,N,62.61,Vol
2351,Auto,F,S,1,13109.10,N,62.61,Vol
2595,Auto,F,S,1,13109.10,N,62.61,Vol
2859,Auto,F,S,1,13109.10,N,62.61,Vol
3103,Auto,F,S,1,13109.10,N,62.61,Vol
3347,Auto,F,S,1,13109.10,N,62.61,Vol
3591,Auto,F,S,1,13109.10,N,62.61,Vol
48,CC,F,S,1,13576.50,N,39.43,Vol
560,CC,F,S,1,13576.50,N,39.43,Vol
1072,CC,F,S,1,13576.50,N,39.43,Vol
1584,CC,F,S,1,13576.50,N,39.43,Vol
2071,CC,F,S,1,13576.50,N,39.43,Vol
2315,CC,F,S,1,13576.50,N,39.43,Vol
2584,CC,F,S,1,13576.50,N,39.43,Vol
2848,CC,F,S,1,13576.50,N,39.43,Vol
3092,CC,F,S,1,13576.50,N,39.43,Vol
3336,CC,F,S,1,13576.50,N,39.43,Vol
3580,CC,F,S,1,13576.50,N,39.43,Vol
423,CC,F,M,1,13829.40,N,22.00,Vol
935,CC,F,M,1,13829.40,N,20.00,Vol
1959,CC,F,M,1,13829.40,N,19.00,Vol
2217,CC,F,M,1,13829.40,N,21.00,Vol
2451,CH,F,M,1,13829.40,N,24.00,Vol
2695,CH,F,M,1,13829.40,N,20.00,Vol
440,Auto,F,M,1,14085.50,N,23.00,Vol
1464,Auto,F,M,1,14085.50,N,24.00,Vol
1976,Auto,F,M,1,14085.50,N,24.00,Vol
2730,CC,F,M,1,14085.50,N,19.00,Vol
2994,CC,F,M,1,14085.50,N,21.00,Vol
353,CC,F,M,0,14573.60,N,64.61,Current
865,CC,F,M,0,14573.60,N,64.61,Current
1377,CC,F,M,0,14573.60,N,64.61,Current
198,Auto,F,S,2,14578.80,Y,60.93,Vol
710,Auto,F,S,2,14578.80,Y,60.93,Vol
1222,Auto,F,S,2,14578.80,Y,60.93,Vol
1734,Auto,F,S,2,14578.80,Y,60.93,Vol
2134,Auto,F,S,2,14578.80,Y,60.93,Vol
2403,Auto,F,S,2,14578.80,Y,60.93,Vol
2647,Auto,F,S,2,14578.80,Y,60.93,Vol
2911,Auto,F,S,2,14578.80,Y,60.93,Vol
3155,Auto,F,S,2,14578.80,Y,60.93,Vol
3399,Auto,F,S,2,14578.80,Y,60.93,Vol
3643,Auto,F,S,2,14578.80,Y,60.93,Vol
228,CC,F,M,0,14932.50,N,52.00,Current
740,CC,F,M,0,14932.50,N,46.00,Current
1252,CC,F,M,0,14932.50,N,70.00,Current
1764,CC,F,M,0,14932.50,N,42.00,Current
305,CC,F,S,2,15688.50,N,53.06,Vol
817,CC,F,S,2,15688.50,N,53.06,Vol
1329,CC,F,S,2,15688.50,N,53.06,Vol
1841,CC,F,S,2,15688.50,N,53.06,Vol
410,CH,M,S,0,15924.20,N,14.46,Current
2207,CH,M,S,0,15924.20,N,14.46,Current
2720,CH,M,S,0,15924.20,N,14.46,Current
2984,CH,M,S,0,15924.20,N,14.46,Current
3228,CH,M,S,0,15924.20,N,14.46,Current
462,CC,F,S,0,15989.30,N,61.69,Vol
974,CC,F,S,0,15989.30,N,61.69,Vol
1486,CC,F,S,0,15989.30,N,61.69,Vol
1998,CC,F,S,0,15989.30,N,61.69,Vol
2251,CC,F,S,0,15989.30,N,61.69,Vol
2520,CC,F,S,0,15989.30,N,61.69,Vol
2764,CC,F,S,0,15989.30,N,61.69,Vol
3028,CC,F,S,0,15989.30,N,61.69,Vol
3272,CC,F,S,0,15989.30,N,61.69,Vol
3516,CC,F,S,0,15989.30,N,61.69,Vol
3760,CC,F,S,0,15989.30,N,61.69,Vol
65,CC,F,S,1,16326.70,N,50.61,Vol
577,CC,F,S,1,16326.70,N,50.61,Vol
1089,CC,F,S,1,16326.70,N,50.61,Vol
1601,CC,F,S,1,16326.70,N,50.61,Vol
289,CH,M,S,1,16432.10,Y,20.92,Vol
801,CH,M,S,1,16432.10,Y,20.92,Vol
1313,CH,M,S,1,16432.10,Y,20.92,Vol
1825,CH,M,S,1,16432.10,Y,20.92,Vol
2162,CH,M,S,1,16432.10,Y,20.92,Vol
2431,CH,M,S,1,16432.10,Y,20.92,Vol
2675,CH,M,S,1,16432.10,Y,20.92,Vol
2939,CH,M,S,1,16432.10,Y,20.92,Vol
3183,CH,M,S,1,16432.10,Y,20.92,Vol
3427,CH,M,S,1,16432.10,Y,20.92,Vol
3671,CH,M,S,1,16432.10,Y,20.92,Vol
488,CH,F,S,2,16938.50,N,55.00,Current
1000,CH,F,S,2,16938.50,N,52.00,Current
1512,CH,F,S,2,16938.50,N,43.00,Current
2024,CH,F,S,2,16938.50,N,46.00,Current
2270,CH,F,S,2,16938.50,N,70.00,Current
2539,CH,F,S,2,16938.50,N,42.00,Current
2783,CH,F,S,2,16938.50,N,46.00,Current
3047,CH,F,S,2,16938.50,N,48.00,Current
3291,CH,F,S,2,16938.50,N,52.65,Current
3535,CH,F,S,2,16938.50,N,41.00,Current
3779,CH,F,S,2,16938.50,N,42.00,Current
479,CC,F,M,2,16962.20,N,45.36,Current
991,CC,F,M,2,16962.20,N,45.36,Current
1503,CC,F,M,2,16962.20,N,45.36,Current
2015,CC,F,M,2,16962.20,N,45.36,Current
2262,CC,F,M,2,16962.20,N,45.36,Current
2531,CC,F,M,2,16962.20,N,45.36,Current
2775,CC,F,M,2,16962.20,N,45.36,Current
3039,CC,F,M,2,16962.20,N,45.36,Current
3283,CC,F,M,2,16962.20,N,45.36,Current
3527,CC,F,M,2,16962.20,N,45.36,Current
3771,CC,F,M,2,16962.20,N,45.36,Current
356,CC,F,S,0,17138.20,N,63.79,Vol
868,CC,F,S,0,17138.20,N,63.79,Vol
1380,CC,F,S,0,17138.20,N,63.79,Vol
1892,CC,F,S,0,17138.20,N,63.79,Vol
36,Auto,F,S,1,17540.70,Y,62.79,Vol
548,Auto,F,S,1,17540.70,Y,62.79,Vol
1060,Auto,F,S,1,17540.70,Y,62.79,Vol
1572,Auto,F,S,1,17540.70,Y,62.79,Vol
3822,Auto,F,S,1,17540.70,Y,62.79,Vol
194,CC,F,M,2,17888.70,N,55.00,Current
706,CC,F,M,2,17888.70,N,43.00,Current
1218,CC,F,M,2,17888.70,N,52.65,Current
1730,CC,F,M,2,17888.70,N,43.00,Current
254,CC,F,M,2,18296.40,Y,42.63,Current
766,CC,F,M,2,18296.40,Y,42.63,Current
1278,CC,F,M,2,18296.40,Y,42.63,Current
1790,CC,F,M,2,18296.40,Y,42.63,Current
284,CC,F,S,2,19008.40,Y,52.17,Vol
796,CC,F,S,2,19008.40,Y,52.17,Vol
1308,CC,F,S,2,19008.40,Y,52.17,Vol
1820,CC,F,S,2,19008.40,Y,52.17,Vol
127,Auto,F,S,2,19131.10,N,56.19,Vol
639,Auto,F,S,2,19131.10,N,56.19,Vol
1151,Auto,F,S,2,19131.10,N,56.19,Vol
1663,Auto,F,S,2,19131.10,N,56.19,Vol
2098,Auto,F,S,2,19131.10,N,56.19,Vol
2342,Auto,F,S,2,19131.10,N,56.19,Vol
2367,Auto,F,S,2,19131.10,N,56.19,Vol
2611,Auto,F,S,2,19131.10,N,56.19,Vol
2875,Auto,F,S,2,19131.10,N,56.19,Vol
3119,Auto,F,S,2,19131.10,N,56.19,Vol
3363,Auto,F,S,2,19131.10,N,56.19,Vol
3607,Auto,F,S,2,19131.10,N,56.19,Vol
8,CC,M,M,0,19732.80,N,50.67,Current
520,CC,M,M,0,19732.80,N,50.67,Current
1032,CC,M,M,0,19732.80,N,50.67,Current
1544,CC,M,M,0,19732.80,N,50.67,Current
3805,CC,M,M,0,19732.80,N,50.67,Current
21,CC,M,M,0,19749.30,N,60.37,Current
533,CC,M,M,0,19749.30,N,60.37,Current
1045,CC,M,M,0,19749.30,N,60.37,Current
1557,CC,M,M,0,19749.30,N,60.37,Current
2060,CC,M,M,0,19749.30,N,60.37,Current
2304,CC,M,M,0,19749.30,N,60.37,Current
2573,CC,M,M,0,19749.30,N,60.37,Current
2817,CC,M,M,0,19749.30,N,60.37,Current
2837,CC,M,M,0,19749.30,N,60.37,Current
3081,CC,M,M,0,19749.30,N,60.37,Current
3325,CC,M,M,0,19749.30,N,60.37,Current
3569,CC,M,M,0,19749.30,N,60.37,Current
23,CC,M,M,2,20078.00,N,32.85,Current
535,CC,M,M,2,20078.00,N,32.85,Current
1047,CC,M,M,2,20078.00,N,32.85,Current
1559,CC,M,D,0,20078.00,N,32.85,Current
2062,CC,M,M,2,20078.00,N,32.85,Current
2306,CC,M,M,2,20078.00,N,32.85,Current
2575,CC,M,S,0,20078.00,N,32.85,Current
2819,CC,M,M,2,20078.00,N,32.85,Current
2839,CC,M,M,2,20078.00,N,32.85,Current
3083,CC,M,D,1,20078.00,N,32.85,Current
3327,CC,M,D,0,20078.00,N,32.85,Current
3571,CC,M,S,0,20078.00,N,32.85,Current
121,CC,F,M,1,20550.90,Y,22.12,Vol
633,CC,F,M,1,20550.90,Y,22.12,Vol
1145,CC,F,M,1,20550.90,Y,22.12,Vol
1657,CC,F,M,1,20550.90,Y,22.12,Vol
2094,CC,F,M,1,20550.90,Y,22.12,Vol
2338,CC,F,M,1,20550.90,Y,22.12,Vol
2363,CC,F,M,1,20550.90,Y,22.12,Vol
2607,CC,F,M,1,20550.90,Y,22.12,Vol
2871,CC,F,M,1,20550.90,Y,22.12,Vol
3115,CC,F,M,1,20550.90,Y,22.12,Vol
3359,CC,F,M,1,20550.90,Y,22.12,Vol
3603,CC,F,M,1,20550.90,Y,22.12,Vol
2861,CC,F,S,2,21021.60,Y,62.75,Vol
3105,CC,F,S,2,21021.60,Y,62.75,Vol
3349,CC,F,S,2,21021.60,Y,62.75,Vol
3593,CC,F,S,2,21021.60,Y,62.75,Vol
391,Auto,F,S,2,21274.00,N,45.53,Vol
903,Auto,F,S,2,21274.00,N,45.53,Vol
1415,Auto,F,S,2,21274.00,N,45.53,Vol
1927,Auto,F,S,2,21274.00,N,45.53,Vol
2188,Auto,F,S,2,21274.00,N,45.53,Vol
2457,Auto,F,S,2,21274.00,N,45.53,Vol
2701,Auto,F,S,2,21274.00,N,45.53,Vol
2965,Auto,F,S,2,21274.00,N,45.53,Vol
3209,Auto,F,S,2,21274.00,N,45.53,Vol
3453,Auto,F,S,2,21274.00,N,45.53,Vol
3697,Auto,F,S,2,21274.00,N,45.53,Vol
414,CC,M,M,2,21416.50,N,35.65,Current
648,CC,M,M,2,22358.10,N,52.63,Current
1160,CC,M,M,2,22358.10,N,52.63,Current
1672,CC,M,M,2,22358.10,N,52.63,Current
1306,CH,M,M,0,23000.00,Y,61.02,Vol
236,CC,F,S,2,23464.00,Y,70.00,Vol
748,CC,F,S,2,23464.00,Y,61.00,Vol
1260,CC,F,S,2,23464.00,Y,55.00,Vol
1772,CC,F,S,2,23464.00,Y,52.00,Vol
494,CC,M,S,1,24141.50,Y,17.01,Vol
1006,CC,M,S,1,24141.50,Y,17.01,Vol
1518,CC,M,S,1,24141.50,Y,17.01,Vol
2030,CC,M,S,1,24141.50,Y,17.01,Vol
2276,CC,M,S,1,24141.50,Y,17.01,Vol
2545,CC,M,S,1,24141.50,Y,17.01,Vol
2789,CC,M,S,1,24141.50,Y,17.01,Vol
3053,CC,M,S,1,24141.50,Y,17.01,Vol
1012,CC,F,M,0,27371.80,Y,52.65,Current
1524,CC,F,M,0,27371.80,Y,41.00,Current
2036,CC,F,M,0,27371.80,Y,43.00,Current
2282,CC,F,M,0,27371.80,Y,46.00,Current
2551,CC,F,M,0,27371.80,Y,62.00,Current
2795,CC,F,M,0,27371.80,Y,43.00,Current
3059,CC,F,M,0,27371.80,Y,70.00,Current
3303,CC,F,M,0,27371.80,Y,61.00,Current
3547,CC,F,M,0,27371.80,Y,52.00,Current
3791,CC,F,M,0,27371.80,Y,62.00,Current
229,CC,F,S,0,27498.10,N,42.00,Current
741,CC,F,S,0,27498.10,N,52.65,Current
1253,CC,F,S,0,27498.10,N,70.00,Current
1765,CC,F,S,0,27498.10,N,43.00,Current
273,CC,F,S,1,27783.60,N,14.04,Vol
785,CC,F,S,1,27783.60,N,14.04,Vol
3210,CC,F,M,2,28267.00,N,30.09,Current
3454,CC,F,M,2,28267.00,N,30.09,Current
3698,CC,F,M,2,28267.00,N,30.09,Current
1023,CC,M,M,1,28313.10,N,20.89,Current
3801,CC,M,M,1,28313.10,N,20.89,Current
40,CC,F,S,0,28589.10,N,15.60,Vol
552,CC,F,S,0,28589.10,N,15.60,Vol
1064,CC,F,S,0,28589.10,N,15.60,Vol
1576,CC,F,S,0,28589.10,N,15.60,Vol
3825,CC,F,S,0,28589.10,N,15.60,Vol
142,CC,M,M,2,28766.90,N,46.84,Current
654,CC,M,M,2,28766.90,N,46.84,Current
1166,CC,M,M,2,28766.90,N,46.84,Current
1678,CC,M,M,2,28766.90,N,46.84,Current
2104,CC,M,M,2,28766.90,N,46.84,Current
2373,CC,M,M,2,28766.90,N,46.84,Current
2600,Auto,F,S,2,28787.40,N,41.67,Vol
2864,Auto,F,S,2,28787.40,N,41.67,Vol
3108,Auto,F,S,2,28787.40,N,41.67,Vol
3352,Auto,F,S,2,28787.40,N,41.67,Vol
3596,Auto,F,S,2,28787.40,N,41.67,Vol
6,CH,M,M,2,29616.00,N,49.43,Current
518,CH,M,M,2,29616.00,N,49.43,Current
1030,CH,M,M,2,29616.00,N,49.43,Current
1542,CH,M,M,2,29616.00,N,49.43,Current
3803,CH,M,M,2,29616.00,N,49.43,Current
1967,CC,F,S,0,30000.00,N,23.00,Vol
2486,CC,F,M,1,30000.00,N,21.00,Vol
2959,CH,F,M,1,30000.00,N,20.00,Vol
445,CC,F,S,2,30090.00,N,24.00,Vol
232,Auto,F,M,2,30665.20,Y,22.88,Current
744,Auto,F,M,2,30665.20,Y,22.88,Current
1944,Auto,F,M,2,30998.80,N,40.96,Current
2205,Auto,F,M,2,30998.80,N,40.96,Current
2474,Auto,F,M,2,30998.80,N,40.96,Current
2718,Auto,F,M,2,30998.80,N,40.96,Current
2982,Auto,F,M,2,30998.80,N,40.96,Current
3226,Auto,F,M,2,30998.80,N,40.96,Current
3470,Auto,F,M,2,30998.80,N,40.96,Current
3714,Auto,F,M,2,30998.80,N,40.96,Current
1008,CC,M,S,1,31952.00,N,34.27,Current
2032,CC,M,S,1,31952.00,N,34.27,Current
310,CH,F,S,0,32098.00,N,22.43,Vol
444,Auto,F,S,1,32098.00,N,22.00,Vol
2294,CC,F,S,1,32098.00,N,24.39,Vol
2750,Auto,F,S,2,32098.00,N,22.00,Vol
84,CC,F,M,0,32703.10,Y,64.92,Current
596,CC,F,M,0,32703.10,Y,64.92,Current
1817,CH,F,M,2,34577.70,N,63.25,Current
431,CC,F,S,0,35000.00,N,23.00,Vol
822,CH,F,S,0,35000.00,N,22.43,Vol
1398,CH,F,M,1,35000.00,N,22.00,Vol
1978,CC,F,S,0,35000.00,N,23.00,Vol
2563,CC,F,S,1,35000.00,N,24.39,Vol
2752,CC,F,S,2,35000.00,N,19.00,Vol
1845,CC,F,S,1,35089.00,N,16.06,Vol
2050,CC,F,S,1,35089.00,N,24.39,Vol
2508,CC,F,S,2,35089.00,N,18.00,Vol
3559,CC,F,S,1,35089.00,N,24.39,Vol
83,Auto,F,M,2,35976.50,Y,48.85,Vol
595,Auto,F,M,2,35976.50,Y,48.85,Vol
1107,Auto,F,M,2,35976.50,Y,48.85,Vol
1619,Auto,F,M,2,35976.50,Y,48.85,Vol
475,CC,F,M,2,36647.90,N,49.99,Current
878,Auto,M,M,1,20818.50,N,12.68,Current
1902,Auto,M,M,1,20818.50,N,12.68,Current
295,CC,F,S,0,20913.60,N,53.01,Vol
807,CC,F,S,0,20913.60,N,53.01,Vol
1319,CC,F,S,0,20913.60,N,53.01,Vol
1831,CC,F,S,0,20913.60,N,53.01,Vol
264,CC,M,S,2,20919.00,N,27.89,Current
1288,CC,M,S,2,20919.00,N,55.00,Current
110,CC,F,S,2,21021.60,Y,62.75,Vol
622,CC,M,S,2,21021.60,Y,62.75,Current
1134,CC,M,S,2,21021.60,Y,62.75,Current
1646,CC,M,S,2,21021.60,Y,62.75,Current
2084,CC,M,S,2,21021.60,Y,62.75,Current
2328,CC,F,S,2,21021.60,Y,62.75,Vol
2353,CC,F,S,2,21021.60,Y,62.75,Vol
2597,CC,F,S,2,21021.60,Y,62.75,Vol
926,CC,M,D,1,21416.50,N,35.65,Current
1438,CC,M,M,2,21416.50,N,35.65,Current
1950,CC,M,M,2,21416.50,N,35.65,Current
2211,CC,M,M,2,21416.50,N,35.65,Current
2480,CC,M,M,2,21416.50,N,35.65,Current
2724,CC,M,M,2,21416.50,N,35.65,Current
2988,CC,M,M,2,21416.50,N,35.65,Current
3232,CC,M,M,2,21416.50,N,35.65,Current
3476,CC,M,S,0,21416.50,N,35.65,Current
3720,CC,M,M,2,21416.50,N,35.65,Current
231,CC,F,M,2,21419.90,N,59.83,Current
743,CC,F,M,2,21419.90,N,59.83,Current
1255,CC,F,M,2,21419.90,N,59.83,Current
1767,CC,M,M,2,21419.90,N,59.83,Current
136,CC,M,M,2,22358.10,N,52.63,Current
3297,CC,M,S,1,24141.50,Y,17.01,Vol
3541,CC,M,S,1,24141.50,Y,17.01,Vol
3785,CC,M,S,1,24141.50,Y,17.01,Vol
351,CH,F,M,2,24482.80,N,33.53,Current
863,CH,F,M,2,24482.80,N,33.53,Current
1375,CH,F,M,2,24482.80,N,33.53,Current
1887,CH,F,M,2,24482.80,N,33.53,Current
94,CC,F,S,0,25285.50,N,53.99,Vol
606,CC,F,S,0,25285.50,N,53.99,Vol
1118,CC,F,S,0,25285.50,N,53.99,Vol
1630,CC,F,S,0,25285.50,N,53.99,Vol
271,CH,F,M,2,25738.40,N,50.08,Current
783,CH,F,M,2,25738.40,N,50.08,Current
1295,CH,F,M,2,25738.40,N,50.08,Current
1807,CH,F,M,2,25738.40,N,50.08,Current
500,CC,F,M,0,27371.80,Y,48.00,Current
1297,CC,F,S,1,27783.60,N,14.04,Vol
1809,CC,F,S,1,27783.60,N,14.04,Vol
3011,Auto,F,M,1,28000.00,N,23.00,Vol
38,CC,F,M,2,28220.80,N,38.77,Vol
550,CC,F,M,2,28220.80,N,38.77,Vol
1062,CC,F,M,2,28220.80,N,38.77,Vol
1574,CC,F,S,2,28220.80,N,38.77,Vol
3824,CC,F,M,2,28220.80,N,38.77,Vol
392,CC,F,M,2,28267.00,N,30.09,Current
904,CC,F,M,2,28267.00,N,30.09,Current
1416,CC,F,M,2,28267.00,N,30.09,Current
1928,CC,F,M,2,28267.00,N,30.09,Current
2189,CC,F,M,2,28267.00,N,30.09,Current
2458,CC,F,M,2,28267.00,N,30.09,Current
2702,CC,F,M,2,28267.00,N,30.09,Current
2966,CC,F,M,2,28267.00,N,30.09,Current
2617,CC,M,M,2,28766.90,N,46.84,Current
2881,CC,M,M,2,28766.90,N,46.84,Current
3125,CC,M,M,2,28766.90,N,46.84,Current
3369,CC,M,M,2,28766.90,N,46.84,Current
3613,CC,M,S,0,28766.90,N,46.84,Current
205,CH,F,M,0,28770.90,N,12.34,Current
717,CH,F,M,0,28770.90,N,12.34,Vol
1229,CH,F,M,0,28770.90,N,12.34,Vol
1741,CH,F,M,0,28770.90,N,12.34,Current
114,Auto,F,S,2,28787.40,N,41.67,Vol
626,Auto,F,S,2,28787.40,N,41.67,Vol
1138,Auto,F,S,2,28787.40,N,41.67,Vol
1650,Auto,F,S,2,28787.40,N,41.67,Vol
2087,Auto,F,S,2,28787.40,N,41.67,Vol
2331,Auto,F,S,2,28787.40,N,41.67,Vol
2356,Auto,F,S,2,28787.40,N,41.67,Vol
1256,Auto,F,M,2,30665.20,Y,22.88,Current
1768,Auto,M,M,2,30665.20,Y,22.88,Current
2144,Auto,M,M,2,30665.20,Y,22.88,Current
2413,Auto,M,M,2,30665.20,Y,22.88,Current
2657,Auto,M,S,0,30665.20,Y,22.88,Current
2921,Auto,M,M,2,30665.20,Y,22.88,Current
3165,Auto,M,M,2,30665.20,Y,22.88,Current
3409,Auto,M,M,2,30665.20,Y,22.88,Current
3653,Auto,F,M,2,30665.20,Y,22.88,Current
213,CC,F,D,0,30763.80,Y,14.19,Vol
725,CC,F,S,0,30763.80,Y,14.19,Vol
1237,CC,F,S,1,30763.80,Y,14.19,Vol
1749,CC,F,S,0,30763.80,Y,14.19,Vol
408,Auto,F,M,2,30998.80,N,40.96,Current
920,Auto,F,M,2,30998.80,N,40.96,Current
1432,Auto,F,M,2,30998.80,N,40.96,Current
1108,CC,F,M,0,32703.10,Y,64.92,Current
1620,CC,F,M,0,32703.10,Y,64.92,Current
441,CC,F,S,0,32962.60,N,19.00,Vol
1465,CC,F,S,0,32962.60,N,21.00,Vol
1977,CC,F,S,0,32962.60,N,24.00,Vol
2234,Auto,F,M,1,32962.60,N,23.00,Vol
2503,Auto,F,M,1,32962.60,N,24.00,Vol
2738,CC,F,S,0,32962.60,N,23.00,Vol
3002,CC,F,S,0,32962.60,N,24.00,Vol
3013,CC,F,S,0,32962.60,N,21.00,Vol
1318,CH,F,S,1,33084.30,Y,50.31,Current
443,Auto,F,S,2,33330.00,N,21.00,Vol
886,CH,F,M,1,34555.00,N,23.00,Vol
281,CH,F,M,2,34577.70,N,63.25,Current
793,CH,F,M,2,34577.70,N,63.25,Current
1305,CH,F,M,2,34577.70,N,63.25,Current
987,CC,F,M,2,36647.90,N,49.99,Current
1499,CC,F,M,2,36647.90,N,49.99,Vol
2011,CC,F,M,2,36647.90,N,49.99,Current
2258,CC,F,M,2,36647.90,N,49.99,Vol
2527,CC,F,M,2,36647.90,N,49.99,Current
2771,CC,F,M,2,36647.90,N,49.99,Vol
3035,CC,F,M,2,36647.90,N,49.99,Current
3279,CC,F,M,2,36647.90,N,49.99,Current
3523,CC,F,M,2,36647.90,N,49.99,Vol
3767,CC,F,M,2,36647.90,N,49.99,Current
377,CH,F,M,2,36660.90,Y,39.96,Current
889,CH,F,M,2,36660.90,Y,39.96,Current
1401,CH,F,M,2,36660.90,Y,39.96,Current
1913,CH,F,M,2,36660.90,Y,39.96,Current
394,CH,F,M,2,36725.10,N,55.79,Current
906,CH,F,M,2,36725.10,N,55.79,Current
1418,CH,F,M,2,36725.10,N,55.79,Current
1930,CH,F,M,2,36725.10,N,55.79,Current
2191,CH,F,M,2,36725.10,N,55.79,Current
2460,CH,F,M,2,36725.10,N,55.79,Current
2704,CH,F,M,2,36725.10,N,55.79,Current
2968,CH,F,M,2,36725.10,N,55.79,Current
3212,CH,F,M,2,36725.10,N,55.79,Current
3456,CH,F,M,2,36725.10,N,55.79,Current
3700,CH,F,M,2,36725.10,N,55.79,Current
513,CC,F,S,1,37000.00,N,24.39,Vol
1846,CH,F,S,0,37000.00,N,22.43,Vol
2239,CC,F,S,2,37000.00,N,23.00,Vol
2827,CC,F,S,1,37000.00,N,24.39,Vol
1863,CH,M,S,1,37626.00,N,33.87,Current
2685,CH,M,S,1,37626.00,N,33.87,Current
1,CC,F,S,1,38000.00,N,24.39,Vol
601,Auto,F,S,2,38280.00,N,33.74,Vol
1113,Auto,F,S,2,38280.00,N,33.74,Current
1625,Auto,F,S,2,38280.00,N,33.74,Vol
2613,Auto,F,S,2,38280.00,N,33.74,Current
96,CC,F,M,0,38538.40,N,12.33,Vol
608,CC,F,M,0,38538.40,N,12.33,Vol
1120,CC,F,M,0,38538.40,N,12.33,Vol
1632,CC,F,M,0,38538.40,N,12.33,Vol
1299,CC,F,M,1,38738.30,N,60.00,Current
1979,Auto,F,S,2,39000.00,N,22.00,Vol
2505,CC,F,S,0,39000.00,N,22.00,Vol
74,CC,M,M,1,39229.10,N,26.26,Current
586,CC,M,M,1,39229.10,N,26.26,Current
1098,CC,M,M,1,39229.10,N,26.26,Current
1610,CC,M,M,1,39229.10,N,26.26,Current
255,CC,F,S,0,39461.00,N,22.23,Vol
954,CC,F,S,0,40120.00,N,24.00,Vol
956,Auto,F,S,0,40120.00,N,20.00,Vol
957,CC,F,S,2,40120.00,N,22.00,Vol
958,CC,F,S,1,40120.00,N,21.00,Vol
1447,CC,F,M,1,40120.00,N,24.00,Vol
1455,CC,F,S,0,40120.00,N,24.00,Vol
1463,CC,F,S,0,40120.00,Y,23.00,Vol
309,CC,F,S,0,41000.00,N,16.06,Vol
1025,CC,F,S,1,41000.00,N,24.39,Vol
2494,CC,F,S,0,41000.00,N,22.00,Vol
3071,CC,F,S,1,41000.00,N,24.39,Vol
1545,CC,M,S,1,41690.50,Y,14.64,Current
3806,CC,M,S,1,41690.50,Y,14.64,Current
460,CC,F,M,2,41876.60,Y,44.09,Current
972,CC,F,M,2,41876.60,Y,44.09,Current
1484,CC,F,M,2,41876.60,Y,44.09,Current
583,CH,F,M,2,42031.80,N,50.75,Current
1095,CH,F,M,2,42031.80,N,50.75,Current
1607,CH,F,M,2,42031.80,N,50.75,Current
2073,CH,F,M,2,42031.80,N,50.75,Current
2317,CH,F,M,2,42031.80,N,50.75,Current
2586,CH,F,M,2,42031.80,N,50.75,Current
2850,CH,F,M,2,42031.80,N,50.75,Current
3094,CH,F,M,2,42031.80,N,50.75,Current
3338,CH,F,M,2,42031.80,N,50.75,Current
3582,CH,F,M,2,42031.80,N,50.75,Current
133,Auto,M,M,2,42750.30,Y,50.49,Current
645,Auto,M,M,2,42750.30,Y,50.49,Current
1157,Auto,M,M,2,42750.30,Y,50.49,Current
1669,Auto,M,M,2,42750.30,Y,50.49,Current
498,CC,F,S,0,42760.50,N,46.00,Current
1010,CC,F,S,0,42760.50,N,47.00,Current
1842,CH,F,S,0,43382.30,N,16.07,Vol
104,CC,M,S,2,43634.50,N,21.78,Vol
616,CC,M,S,2,43634.50,N,21.78,Vol
1128,CC,M,S,2,43634.50,N,21.78,Vol
1640,CC,M,S,2,43634.50,N,21.78,Vol
2078,CC,M,S,2,43634.50,N,21.78,Vol
2322,CC,M,S,2,43634.50,N,21.78,Vol
2347,CC,M,S,2,43634.50,N,21.78,Vol
2591,CC,M,S,2,43634.50,N,21.78,Vol
2855,CC,M,S,2,43634.50,N,21.78,Vol
3099,CC,M,S,2,43634.50,N,21.78,Vol
3343,CC,M,S,2,43634.50,N,21.78,Vol
3587,CC,M,S,2,43634.50,N,21.78,Vol
2599,CC,F,M,1,43894.50,N,40.18,Current
2863,CC,F,M,1,43894.50,N,40.18,Vol
62,CC,F,M,2,45287.60,Y,29.03,Current
574,CC,F,M,2,45287.60,Y,29.03,Current
358,CC,F,M,2,47010.10,N,57.41,Current
870,CC,F,M,2,47010.10,N,57.41,Current
1382,CC,F,M,2,47010.10,N,57.41,Current
1894,CC,F,M,2,47010.10,N,57.41,Current
771,CC,M,M,1,47371.00,Y,54.96,Current
1283,CC,M,M,1,47371.00,Y,54.96,Current
2159,CC,M,M,1,47371.00,Y,54.96,Current
2428,CC,M,M,1,47371.00,Y,54.96,Current
2672,CC,M,M,1,47371.00,Y,54.96,Current
2936,CC,M,M,1,47371.00,Y,54.96,Current
3180,CC,M,M,1,47371.00,Y,54.96,Current
3424,CC,M,M,1,47371.00,Y,54.96,Current
3668,CC,M,M,1,47371.00,Y,54.96,Current
249,CC,M,M,2,47639.10,N,48.00,Current
761,CC,M,M,2,47639.10,N,41.00,Current
1273,CC,M,M,2,47639.10,N,61.00,Current
1560,Auto,F,M,2,47902.00,N,26.03,Current
2063,Auto,F,M,2,47902.00,N,26.03,Current
2307,Auto,F,M,2,47902.00,N,26.03,Current
2576,Auto,F,M,2,47902.00,N,26.03,Current
2820,Auto,F,M,2,47902.00,N,26.03,Current
2840,Auto,F,M,2,47902.00,N,26.03,Current
3084,Auto,F,M,2,47902.00,N,26.03,Current
3328,Auto,F,M,2,47902.00,N,26.03,Current
3572,Auto,F,M,2,47902.00,N,26.03,Current
203,CC,F,M,2,48238.80,N,34.71,Current
715,CC,F,M,2,48238.80,N,34.71,Current
1227,CC,F,M,2,48238.80,N,34.71,Current
1739,CC,F,M,2,48238.80,N,34.71,Current
343,CC,F,M,2,48322.50,Y,49.33,Current
855,CC,F,M,2,48322.50,Y,49.33,Current
1367,CC,F,M,2,48322.50,Y,49.33,Current
936,CH,F,M,2,49745.30,N,47.97,Current
1448,CH,F,M,2,49745.30,N,47.97,Current
1960,CH,F,M,2,49745.30,N,47.97,Current
2218,CH,F,M,2,49745.30,N,47.97,Current
2487,CH,F,M,2,49745.30,N,47.97,Current
2731,CH,F,M,2,49745.30,N,47.97,Current
2995,CH,F,M,2,49745.30,N,47.97,Current
3239,CH,F,M,2,49745.30,N,47.97,Current
3483,CH,F,M,2,49745.30,N,47.97,Current
3727,CH,F,M,2,49745.30,N,47.97,Current
178,CC,M,M,2,49910.70,Y,51.52,Current
690,CC,M,M,2,49910.70,Y,51.52,Current
1202,CC,M,M,2,49910.70,Y,51.52,Current
1714,CC,M,M,2,49910.70,Y,51.52,Current
2122,CC,M,M,2,49910.70,Y,51.52,Current
2391,CC,M,M,2,49910.70,Y,51.52,Current
1334,CH,F,S,0,38000.00,N,22.43,Vol
2225,CC,F,S,0,38000.00,N,24.00,Vol
2807,CC,F,S,1,38000.00,N,24.39,Vol
3012,CC,F,S,0,38000.00,N,24.00,Vol
422,Auto,F,M,2,38215.90,N,30.89,Current
934,Auto,F,M,2,38215.90,N,30.89,Current
1446,Auto,F,M,2,38215.90,N,30.89,Current
1958,Auto,F,M,2,38215.90,N,30.89,Current
2216,Auto,F,M,2,38215.90,N,30.89,Current
2485,Auto,F,M,2,38215.90,N,30.89,Current
2729,Auto,F,M,2,38215.90,N,30.89,Current
2993,Auto,F,M,2,38215.90,N,30.89,Current
3237,Auto,F,M,2,38215.90,N,30.89,Current
3481,Auto,F,M,2,38215.90,N,30.89,Current
3725,Auto,F,M,2,38215.90,N,30.89,Current
89,Auto,F,S,2,38280.00,N,33.74,Vol
767,CC,F,S,0,39461.00,N,22.23,Vol
1279,CC,F,S,0,39461.00,N,22.23,Vol
1791,CC,F,S,0,39461.00,N,22.23,Vol
2158,CC,F,S,0,39461.00,N,22.23,Vol
2427,CC,F,S,0,39461.00,N,22.23,Vol
2671,CC,F,S,0,39461.00,N,22.23,Vol
2935,CC,F,S,0,39461.00,N,22.23,Vol
3179,CC,F,S,0,39461.00,N,22.23,Vol
3423,CC,F,S,0,39461.00,N,22.23,Vol
3667,CC,F,S,0,39461.00,N,22.23,Vol
442,CC,F,S,0,40000.00,N,20.00,Vol
446,CC,F,S,1,40120.00,N,24.00,Vol
943,CC,F,S,0,40120.00,N,22.00,Vol
951,CC,F,D,0,40120.00,Y,21.00,Vol
952,Auto,F,M,1,40120.00,N,22.00,Vol
953,CC,F,S,0,40120.00,N,24.00,Vol
1996,CC,F,M,2,41876.60,Y,44.09,Current
955,Auto,F,S,2,42000.00,N,23.00,Vol
1333,CC,F,S,0,42000.00,N,16.06,Vol
1466,CC,F,S,0,42000.00,N,22.00,Vol
1469,CC,F,S,2,42000.00,N,18.00,Vol
1537,CC,F,S,1,42000.00,N,24.39,Vol
1981,CC,F,S,2,42000.00,N,19.00,Vol
2235,CC,F,S,0,42000.00,N,24.00,Vol
2237,Auto,F,S,2,42000.00,N,22.00,Vol
2504,CC,F,S,0,42000.00,N,21.00,Vol
2506,Auto,F,S,2,42000.00,N,20.00,Vol
2747,Auto,F,M,1,42000.00,N,24.00,Vol
2749,CC,F,S,0,42000.00,N,23.00,Vol
3014,Auto,F,S,2,42000.00,N,22.00,Vol
3315,CC,F,S,1,42000.00,N,24.39,Vol
71,CH,F,M,2,42031.80,N,50.75,Current
1522,CC,F,S,0,42760.50,N,52.65,Current
2034,CC,F,S,0,42760.50,N,52.00,Current
2280,CC,F,S,0,42760.50,N,42.00,Current
2549,CC,F,S,0,42760.50,N,48.00,Current
2793,CC,F,S,0,42760.50,N,62.00,Current
3057,CC,F,S,0,42760.50,N,43.00,Current
3301,CC,F,S,0,42760.50,N,46.00,Current
3545,CC,F,S,0,42760.50,N,61.00,Current
3789,CC,F,S,0,42760.50,N,48.00,Current
1467,Auto,F,S,2,43000.00,N,20.00,Vol
2236,CC,F,S,0,43000.00,N,21.00,Vol
2748,CC,F,S,0,43000.00,N,24.00,Vol
3016,CC,F,S,2,43000.00,N,23.00,Vol
306,CH,F,S,0,43382.30,N,16.07,Vol
818,CH,F,S,0,43382.30,N,16.07,Vol
1330,CH,F,S,0,43382.30,N,16.07,Vol
1086,CC,F,M,2,45287.60,Y,29.03,Current
1598,CC,F,M,2,45287.60,Y,29.03,Current
92,CH,F,M,2,45429.70,Y,61.71,Vol
604,CH,F,M,2,45429.70,Y,61.71,Vol
1116,CH,F,M,2,45429.70,Y,61.71,Vol
1628,CH,F,M,2,45429.70,Y,61.71,Vol
3679,CH,M,M,2,45429.70,Y,61.71,Vol
3687,CH,M,M,2,45429.70,Y,61.71,Vol
3699,CH,M,M,2,45429.70,Y,61.71,Vol
3708,CH,M,M,2,45429.70,Y,61.71,Vol
3716,CH,M,M,2,45429.70,Y,61.71,Vol
3721,CH,M,M,2,45429.70,Y,61.71,Vol
1079,CC,F,S,0,45612.90,N,14.30,Current
1591,CC,F,S,0,45612.90,N,14.30,Current
2609,Auto,F,M,1,46513.50,N,30.05,Current
1275,CC,F,S,2,46945.00,N,65.00,Current
1785,CC,M,M,2,47639.10,N,43.00,Current
2155,CC,M,M,2,47639.10,N,48.00,Current
2424,CC,M,M,2,47639.10,N,41.00,Current
2668,CC,F,M,2,47639.10,N,61.00,Current
2932,CC,F,M,2,47639.10,N,42.00,Current
3176,CC,F,M,2,47639.10,N,48.00,Current
3420,CC,F,M,2,47639.10,N,41.00,Current
3664,CC,F,M,2,47639.10,N,61.00,Current
138,CC,M,M,0,47870.80,Y,27.26,Current
650,CC,M,M,0,47870.80,Y,27.26,Current
1162,CC,M,M,0,47870.80,Y,27.26,Current
1674,CC,M,M,0,47870.80,Y,27.26,Current
2101,CC,M,M,0,47870.80,Y,27.26,Current
24,Auto,F,M,2,47902.00,N,26.03,Current
536,Auto,F,M,2,47902.00,N,26.03,Current
1048,Auto,F,M,2,47902.00,N,26.03,Current
1879,CC,F,M,2,48322.50,Y,49.33,Current
499,Auto,F,S,1,49072.00,N,47.00,Current
1011,Auto,F,S,1,49072.00,N,48.00,Current
1523,Auto,F,S,1,49072.00,N,62.00,Current
2035,Auto,F,S,1,49072.00,N,42.00,Current
2281,Auto,F,S,1,49072.00,N,43.00,Current
2550,Auto,F,S,1,49072.00,N,52.65,Current
2794,Auto,F,S,1,49072.00,N,41.00,Current
3058,Auto,F,S,1,49072.00,N,46.00,Current
3302,Auto,F,S,1,49072.00,N,70.00,Current
3546,Auto,F,S,1,49072.00,N,55.00,Current
3790,Auto,F,S,1,49072.00,N,52.65,Current
2853,CC,F,M,1,49453.80,N,55.07,Vol
1321,CC,F,S,1,49553.90,Y,48.00,Current
424,CH,F,M,2,49745.30,N,47.97,Current
2635,CC,M,M,2,49910.70,Y,51.52,Current
2899,CC,M,M,2,49910.70,Y,51.52,Current
3143,CC,M,M,2,49910.70,Y,51.52,Current
3387,CC,M,M,2,49910.70,Y,51.52,Current
3631,CC,M,M,2,49910.70,Y,51.52,Current
234,CH,F,M,2,50561.30,N,52.00,Current
746,CH,F,M,2,50561.30,N,46.00,Current
1258,CH,F,M,2,50561.30,N,62.00,Current
1770,CH,F,M,2,50561.30,N,46.00,Current
320,Auto,F,M,2,50622.30,N,40.46,Current
832,Auto,F,M,2,50622.30,N,40.46,Current
1344,Auto,F,M,2,50622.30,N,40.46,Current
1856,Auto,F,M,2,50622.30,N,40.46,Current
2857,CC,F,M,1,50735.10,Y,36.25,Vol
14,CH,F,M,2,52004.80,N,25.14,Current
526,CH,F,M,2,52004.80,N,25.14,Current
1038,CH,F,M,2,52004.80,N,25.14,Current
1550,CH,F,M,2,52004.80,N,25.14,Current
3811,CH,F,M,2,52004.80,N,25.14,Current
1292,CC,F,M,0,52089.60,N,48.00,Current
2858,CC,F,M,1,52490.10,N,19.19,Vol
260,CH,F,M,2,52957.00,Y,39.75,Current
772,CH,F,M,2,52957.00,Y,39.75,Current
1284,CH,F,M,2,52957.00,Y,39.75,Current
1796,CH,F,M,2,52957.00,Y,39.75,Current
17,CC,M,M,2,53010.80,N,18.84,Current
529,CC,M,M,2,53010.80,N,18.84,Current
1041,CC,M,M,2,53010.80,N,18.84,Current
1553,CC,M,M,2,53010.80,N,18.84,Current
2056,CC,M,M,2,53010.80,N,18.84,Current
2300,CC,M,M,2,53010.80,N,18.84,Current
2569,CC,M,M,2,53010.80,N,18.84,Current
3538,CC,F,M,0,55221.00,N,46.00,Current
3782,CC,F,M,0,55221.00,N,46.00,Current
181,CC,F,M,2,55860.00,Y,14.57,Current
693,CC,F,M,2,55860.00,Y,14.57,Current
1205,CC,F,M,2,55860.00,Y,14.57,Current
1717,CC,F,M,2,55860.00,Y,14.57,Current
2124,CC,F,M,2,55860.00,Y,14.57,Current
2393,CC,F,M,2,55860.00,Y,14.57,Current
2637,CC,F,M,2,55860.00,Y,14.57,Current
2901,CC,F,M,2,55860.00,Y,14.57,Current
3145,CC,F,M,2,55860.00,Y,14.57,Current
3389,CC,F,M,2,55860.00,Y,14.57,Current
3633,CC,F,M,2,55860.00,Y,14.57,Current
510,CH,F,M,2,56187.00,N,42.00,Current
1022,CH,F,M,2,56187.00,N,43.00,Current
565,CH,F,M,1,57063.00,Y,52.33,Current
1077,CH,F,M,1,57063.00,Y,52.33,Current
1589,CH,F,M,1,57063.00,Y,52.33,Current
1323,CC,F,M,0,57255.40,N,27.00,Vol
190,CC,M,M,2,57360.80,Y,53.25,Current
702,CC,M,M,2,57360.80,Y,53.25,Current
1214,CC,M,M,2,57360.80,Y,53.25,Current
1726,CC,M,M,2,57360.80,Y,53.25,Current
2131,CC,M,M,2,57360.80,Y,53.25,Current
2400,CC,M,M,2,57360.80,Y,53.25,Current
2644,CC,M,M,2,57360.80,Y,53.25,Current
2908,CC,M,M,2,57360.80,Y,53.25,Current
3152,CC,M,M,2,57360.80,Y,53.25,Current
3396,CC,M,M,2,57360.80,Y,53.25,Current
3640,CC,M,M,2,57360.80,Y,53.25,Current
246,Auto,F,S,2,57420.00,Y,61.00,Current
2699,CH,F,M,2,57483.90,N,44.03,Current
2963,CH,F,M,2,57483.90,N,44.03,Current
3207,CH,F,M,2,57483.90,N,44.03,Current
3451,CH,F,M,2,57483.90,N,44.03,Current
3695,CH,F,M,2,57483.90,N,44.03,Current
22,CC,M,S,1,57626.90,Y,43.91,Current
534,CC,M,S,1,57626.90,Y,43.91,Current
1046,CC,M,S,1,57626.90,Y,43.91,Current
1558,CC,M,S,1,57626.90,Y,43.91,Current
2061,CC,M,S,1,57626.90,Y,43.91,Current
2305,CC,M,S,1,57626.90,Y,43.91,Current
2574,CC,M,S,1,57626.90,Y,43.91,Current
2818,CC,M,S,1,57626.90,Y,43.91,Current
2838,CC,M,S,1,57626.90,Y,43.91,Current
3082,CC,M,S,1,57626.90,Y,43.91,Current
3326,CC,M,S,1,57626.90,Y,43.91,Current
3706,CC,M,M,2,59613.10,N,34.32,Vol
3715,CC,M,M,2,59613.10,N,34.32,Vol
3719,CC,M,M,2,59613.10,N,34.32,Vol
3728,CC,M,M,2,59613.10,N,34.32,Vol
313,CC,F,M,2,59691.30,N,38.04,Current
825,CC,F,M,2,59691.30,N,38.04,Current
1337,CC,F,M,2,59691.30,N,38.04,Current
1849,CC,F,M,2,59691.30,N,38.04,Current
2168,CC,F,M,2,59691.30,N,38.04,Current
2437,CC,F,M,2,59691.30,N,38.04,Current
2681,CC,F,M,2,59691.30,N,38.04,Current
2945,CC,F,M,2,59691.30,N,38.04,Current
3189,CC,F,M,2,59691.30,N,38.04,Current
3433,CC,F,M,2,59691.30,N,38.04,Current
3677,CC,F,M,2,59691.30,N,38.04,Current
365,Auto,M,S,2,60095.20,Y,23.31,Current
1144,Auto,F,M,2,62061.80,Y,45.92,Current
1656,Auto,F,M,2,62061.80,Y,45.92,Current
2093,Auto,F,M,2,62061.80,Y,45.92,Current
2337,Auto,F,M,2,62061.80,Y,45.92,Current
2362,Auto,F,M,2,62061.80,Y,45.92,Current
2606,Auto,F,M,2,62061.80,Y,45.92,Current
2870,Auto,F,M,2,62061.80,Y,45.92,Current
3114,Auto,F,M,2,62061.80,Y,45.92,Current
3358,Auto,F,M,2,62061.80,Y,45.92,Current
3602,Auto,F,M,2,62061.80,Y,45.92,Current
466,CC,M,S,0,62705.90,Y,32.00,Current
978,CC,M,S,0,62705.90,Y,39.00,Current
1490,CC,M,S,0,62705.90,Y,33.00,Current
2002,CC,M,S,0,62705.90,Y,38.00,Current
2254,CC,M,S,0,62705.90,Y,33.00,Current
250,CH,F,M,2,63234.50,Y,52.36,Current
762,CH,F,M,2,63234.50,Y,52.36,Current
1274,CH,F,M,2,63234.50,Y,52.36,Current
1786,CH,F,M,2,63234.50,Y,52.36,Current
174,CC,M,M,1,63437.30,N,63.65,Vol
686,CC,M,M,1,63437.30,N,63.65,Vol
1198,CC,M,M,1,63437.30,N,63.65,Vol
1710,CC,M,M,1,63437.30,N,63.65,Vol
267,CH,F,M,2,63566.10,Y,56.30,Current
779,CH,F,M,2,63566.10,Y,56.30,Current
1291,CH,F,M,2,63566.10,Y,56.30,Current
1803,CH,F,M,2,63566.10,Y,56.30,Current
383,Auto,F,M,2,63670.80,Y,46.15,Current
895,Auto,F,M,2,63670.80,Y,46.15,Current
1407,Auto,F,M,2,63670.80,Y,46.15,Current
1919,Auto,M,M,1,63670.80,Y,46.15,Vol
3524,CH,F,S,0,64319.20,N,41.23,Vol
3768,CH,F,S,0,64319.20,N,41.23,Vol
2605,CC,F,S,0,64335.00,Y,19.07,Current
166,CH,M,M,1,64792.30,N,52.15,Vol
678,CH,M,M,1,64792.30,N,52.15,Vol
1190,CH,M,M,1,64792.30,N,52.15,Vol
1702,CH,M,M,1,64792.30,N,52.15,Vol
2117,CH,M,M,1,64792.30,N,52.15,Vol
2386,CH,M,M,1,64792.30,N,52.15,Vol
2630,CH,M,M,1,64792.30,N,52.15,Vol
2894,CH,M,M,1,64792.30,N,52.15,Vol
3138,CH,M,M,1,64792.30,N,52.15,Vol
3382,CH,M,M,1,64792.30,N,52.15,Vol
3626,CH,M,M,1,64792.30,N,52.15,Vol
455,CC,F,M,2,64816.60,Y,31.13,Current
967,CC,F,M,2,64816.60,Y,31.13,Current
2813,CC,M,M,2,53010.80,N,18.84,Current
2833,CC,M,M,2,53010.80,N,18.84,Current
3077,CC,M,M,2,53010.80,N,18.84,Current
3321,CC,M,M,2,53010.80,N,18.84,Current
3565,CC,M,M,2,53010.80,N,18.84,Current
1311,CH,F,M,0,53432.20,Y,57.00,Current
1302,CC,F,M,0,55000.00,N,48.37,Vol
491,CC,F,M,0,55221.00,N,42.00,Current
1003,CC,F,M,0,55221.00,N,43.00,Current
1515,CC,F,M,0,55221.00,N,47.00,Current
2027,CC,F,M,0,55221.00,N,61.00,Current
2273,CC,F,M,0,55221.00,N,55.00,Current
2542,CC,F,M,0,55221.00,N,46.00,Current
2786,CC,F,M,0,55221.00,N,48.00,Current
3050,CC,F,M,0,55221.00,N,62.00,Current
3294,CC,F,M,0,55221.00,N,41.00,Current
1534,CH,F,M,2,56187.00,N,55.00,Current
2046,CH,F,M,2,56187.00,N,46.00,Current
2291,CH,F,M,2,56187.00,N,48.00,Current
2560,CH,F,M,2,56187.00,N,43.00,Current
2804,CH,F,M,2,56187.00,N,52.65,Current
3068,CH,F,M,2,56187.00,N,43.00,Current
3312,CH,F,M,2,56187.00,N,41.00,Current
3556,CH,F,M,2,56187.00,N,43.00,Current
3800,CH,F,M,2,56187.00,N,43.00,Current
329,CC,F,M,1,56722.80,N,60.59,Current
841,CC,F,M,1,56722.80,N,60.59,Vol
1301,CC,F,M,1,56722.80,N,60.59,Vol
1353,CC,F,M,1,56722.80,N,60.59,Vol
1865,CC,F,M,1,56722.80,N,60.59,Vol
2618,CC,F,M,1,56722.80,N,60.59,Current
53,CH,F,M,1,57063.00,Y,52.33,Current
758,Auto,F,S,2,57420.00,Y,55.00,Current
1270,Auto,F,S,2,57420.00,Y,42.00,Current
1782,Auto,F,S,2,57420.00,Y,43.00,Current
2153,Auto,F,S,2,57420.00,Y,46.00,Current
2422,Auto,F,S,2,57420.00,Y,52.00,Current
2666,Auto,F,S,2,57420.00,Y,43.00,Current
2930,Auto,F,S,2,57420.00,Y,47.00,Current
3174,Auto,F,S,2,57420.00,Y,48.00,Current
3418,Auto,F,S,2,57420.00,Y,62.00,Current
3662,Auto,F,S,2,57420.00,Y,52.00,Current
389,CH,F,M,2,57483.90,N,44.03,Current
901,CH,F,M,2,57483.90,N,44.03,Current
1413,CH,F,M,2,57483.90,N,44.03,Current
1925,CH,F,M,2,57483.90,N,44.03,Current
2186,CH,F,M,2,57483.90,N,44.03,Current
2455,CH,F,M,2,57483.90,N,44.03,Current
3570,CC,M,S,1,57626.90,Y,43.91,Current
1286,CH,F,M,0,57942.40,N,50.31,Current
1293,CC,F,S,1,58328.80,N,65.00,Current
2667,CH,M,M,0,58986.20,N,26.98,Current
2931,CH,M,M,0,58986.20,N,26.98,Current
472,CC,F,M,0,59008.40,Y,30.18,Vol
984,CC,F,M,0,59008.40,Y,30.18,Vol
1496,CC,F,M,0,59008.40,Y,30.18,Vol
2008,CC,F,M,0,59008.40,Y,30.18,Vol
63,CC,F,M,2,59613.10,N,34.32,Vol
575,CC,F,M,2,59613.10,N,34.32,Vol
1087,CC,F,M,2,59613.10,N,34.32,Vol
1599,CC,F,M,2,59613.10,N,34.32,Vol
3675,CC,M,M,2,59613.10,N,34.32,Vol
3686,CC,M,M,2,59613.10,N,34.32,Vol
3696,CC,M,M,2,59613.10,N,34.32,Vol
2181,Auto,M,S,2,60095.20,Y,23.31,Current
3690,Auto,M,S,2,60095.20,Y,23.31,Current
421,CH,M,M,0,60101.10,Y,63.77,Vol
933,CH,M,M,0,60101.10,Y,63.77,Vol
1445,CH,M,M,0,60101.10,Y,63.77,Vol
1957,CH,M,M,0,60101.10,Y,63.77,Vol
192,CH,M,M,1,60102.70,N,42.14,Vol
704,CH,M,M,1,60102.70,N,42.14,Vol
1216,CH,M,M,0,60102.70,N,42.14,Vol
1728,CH,M,M,0,60102.70,N,42.14,Vol
276,Auto,F,M,2,60485.50,N,41.67,Current
788,Auto,F,M,2,60485.50,N,41.67,Current
1300,Auto,F,M,2,60485.50,N,41.67,Current
1812,Auto,F,M,2,60485.50,N,41.67,Current
120,Auto,F,M,2,62061.80,Y,45.92,Current
632,Auto,F,M,2,62061.80,Y,45.92,Current
1320,Auto,M,M,0,62724.50,Y,55.00,Current
290,CH,M,M,0,62797.90,N,54.45,Vol
802,CH,M,S,1,62797.90,N,32.00,Current
1314,CH,M,M,0,62797.90,N,54.45,Vol
1826,CH,M,M,1,62797.90,N,54.45,Vol
495,CC,M,S,2,63152.60,Y,63.17,Current
1007,CC,M,S,2,63152.60,Y,63.17,Current
1519,CC,M,S,2,63152.60,Y,63.17,Current
2031,CC,M,S,2,63152.60,Y,63.17,Current
2277,CC,M,S,2,63152.60,Y,63.17,Current
2546,CC,M,S,2,63152.60,Y,63.17,Current
2790,CC,M,S,2,63152.60,Y,63.17,Current
3054,CC,M,S,2,63152.60,Y,63.17,Current
3298,CC,M,S,2,63152.60,Y,63.17,Current
3542,CC,M,S,2,63152.60,Y,63.17,Current
3786,CC,M,S,2,63152.60,Y,63.17,Current
1677,CC,M,M,1,63900.90,N,28.33,Current
2372,CC,M,M,1,63900.90,N,28.33,Current
2616,CC,M,M,1,63900.90,N,28.33,Current
90,CC,M,S,0,64136.60,Y,61.11,Vol
602,CC,M,S,0,64136.60,Y,61.11,Vol
1114,CC,M,S,0,64136.60,Y,61.11,Vol
1626,CC,M,S,0,64136.60,Y,61.11,Vol
476,CH,F,S,0,64319.20,N,41.23,Vol
988,CH,F,S,0,64319.20,N,41.23,Vol
1500,CH,F,S,0,64319.20,N,41.23,Vol
2012,CH,F,S,0,64319.20,N,41.23,Vol
2259,CH,F,S,0,64319.20,N,41.23,Vol
2528,CH,F,S,0,64319.20,N,41.23,Vol
2772,CH,F,S,0,64319.20,N,41.23,Vol
3036,CH,F,S,0,64319.20,N,41.23,Vol
3280,CH,F,S,0,64319.20,N,41.23,Vol
1479,CC,F,M,2,64816.60,Y,31.13,Current
1991,CC,F,M,2,64816.60,Y,31.13,Current
2247,CC,F,M,2,64816.60,Y,31.13,Current
2516,CC,F,M,2,64816.60,Y,31.13,Current
2760,CC,F,M,2,64816.60,Y,31.13,Current
3024,CC,F,M,2,64816.60,Y,31.13,Current
3268,CC,F,M,2,64816.60,Y,31.13,Current
3512,CC,F,M,2,64816.60,Y,31.13,Current
3756,CC,F,M,2,64816.60,Y,31.13,Current
469,CC,F,M,2,64977.40,N,38.19,Current
981,CC,F,M,2,64977.40,N,38.19,Current
1493,CC,F,M,2,64977.40,N,38.19,Current
2005,CC,F,M,2,64977.40,N,38.19,Current
154,Auto,M,S,0,65000.00,Y,45.65,Vol
838,CH,M,M,0,65000.00,Y,52.27,Vol
1178,Auto,M,S,0,65000.00,Y,52.27,Vol
1597,CH,M,S,2,65000.00,N,45.00,Vol
239,CC,M,M,1,65619.70,Y,46.00,Vol
751,CC,M,M,0,65619.70,Y,52.65,Vol
1263,CC,M,M,0,65619.70,Y,46.00,Vol
1775,CC,M,M,0,65619.70,Y,52.00,Vol
2147,CC,M,M,0,65619.70,Y,46.00,Vol
2416,CC,M,M,1,65619.70,Y,52.65,Vol
2660,CC,M,M,0,65619.70,Y,46.00,Vol
2924,CC,F,M,2,65619.70,Y,55.00,Current
3168,CC,F,M,2,65619.70,Y,46.00,Current
3412,CC,F,M,2,65619.70,Y,52.65,Current
3656,CC,F,M,2,65619.70,Y,46.00,Current
233,Auto,F,M,1,66000.00,Y,63.35,Current
385,Auto,F,S,1,66000.00,Y,45.49,Current
1281,Auto,F,S,1,66000.00,N,52.00,Current
2154,CH,M,M,0,66000.00,N,46.00,Vol
2663,CC,F,M,1,66921.40,Y,55.00,Current
2927,CC,F,M,1,66921.40,Y,42.00,Current
3171,CC,F,M,1,66921.40,Y,43.00,Current
3415,CC,F,M,1,66921.40,Y,47.00,Current
3659,CC,F,M,1,66921.40,Y,70.00,Current
438,CC,M,M,1,66931.90,N,63.93,Vol
950,CC,M,M,1,66931.90,N,63.93,Vol
1462,CC,M,M,1,66931.90,N,63.93,Vol
1974,CC,M,M,1,66931.90,N,63.93,Vol
2232,CC,M,M,1,66931.90,N,63.93,Vol
2501,CC,M,M,1,66931.90,N,63.93,Vol
2745,CC,M,M,1,66931.90,N,63.93,Vol
3009,CC,M,M,1,66931.90,N,63.93,Vol
3253,CC,M,M,1,66931.90,N,63.93,Vol
3497,CC,M,M,1,66931.90,N,63.93,Vol
3741,CC,M,M,1,66931.90,N,63.93,Vol
3703,CC,M,M,0,67388.00,N,53.12,Vol
3709,CC,M,M,1,67388.00,N,53.12,Vol
3717,CC,M,M,0,67388.00,N,53.12,Vol
3722,CC,M,M,1,67388.00,N,53.12,Vol
257,Auto,F,S,1,68000.00,N,60.00,Current
853,CH,M,S,0,68000.00,Y,49.00,Vol
1257,Auto,F,M,1,68000.00,Y,44.00,Current
1758,CC,M,S,0,68000.00,N,63.35,Vol
1783,CC,M,M,0,68000.00,N,49.00,Vol
2917,Auto,F,M,0,68000.00,N,45.49,Current
3175,CC,M,M,0,68000.00,N,67.00,Vol
75,Auto,F,S,0,68427.40,N,42.39,Current
587,Auto,F,D,1,68427.40,N,42.39,Current
1099,Auto,F,D,1,68427.40,N,42.39,Current
1611,Auto,F,S,0,68427.40,N,42.39,Current
379,CC,F,M,2,68462.80,N,34.40,Current
3467,CH,F,M,2,69133.90,Y,26.83,Current
3711,CH,F,M,2,69133.90,Y,26.83,Current
463,CC,M,M,0,69168.40,Y,62.43,Vol
975,CC,M,M,0,69168.40,Y,62.43,Vol
1487,CC,M,M,0,69168.40,Y,62.43,Vol
1999,CC,M,M,0,69168.40,Y,62.43,Vol
224,CC,F,M,2,69343.30,N,42.17,Current
736,CC,F,M,2,69343.30,N,42.17,Current
1248,CC,F,M,2,69343.30,N,42.17,Current
1760,CC,M,M,0,69343.30,N,42.17,Vol
97,CC,F,S,0,69350.50,Y,57.42,Current
609,CC,F,S,0,69350.50,Y,57.42,Current
361,CC,M,M,1,69406.70,Y,30.00,Current
873,CC,M,M,1,69406.70,Y,38.00,Current
1385,CC,M,M,1,69406.70,Y,46.83,Vol
1897,CC,M,M,1,69406.70,Y,46.83,Vol
291,CC,M,S,1,71329.90,Y,42.23,Vol
803,CC,M,S,1,71329.90,Y,42.23,Vol
1315,CC,M,S,1,71329.90,Y,42.23,Vol
1827,CC,M,S,1,71329.90,Y,42.23,Current
504,CH,M,M,1,71472.90,N,41.91,Vol
1016,CH,M,M,1,71472.90,N,41.91,Vol
1528,CH,M,M,0,71472.90,N,41.91,Vol
2040,CH,M,M,1,71472.90,N,41.91,Vol
2285,CH,M,M,0,71472.90,N,41.91,Vol
2554,CH,M,M,1,71472.90,N,41.91,Vol
2798,CH,M,M,1,71472.90,N,41.91,Vol
3062,CH,M,M,0,71472.90,N,41.91,Vol
3306,CH,M,M,0,71472.90,N,41.91,Vol
3550,CH,M,M,1,71472.90,N,41.91,Vol
3794,CH,M,M,0,71472.90,N,41.91,Vol
1280,CC,F,M,1,71502.50,N,57.00,Current
1277,CC,F,M,0,71816.10,Y,60.00,Current
1406,CC,F,M,2,72841.30,N,47.02,Current
1918,CC,F,M,2,72841.30,N,47.02,Current
1171,CC,M,S,0,72928.20,N,38.73,Current
2377,CC,M,S,0,72928.20,N,38.73,Current
2621,CC,M,S,0,72928.20,N,38.73,Current
1357,Auto,F,M,0,73069.10,Y,55.63,Current
1869,Auto,F,M,0,73069.10,Y,55.63,Current
160,Auto,F,S,0,73228.30,N,62.00,Current
672,Auto,F,S,0,73228.30,N,43.00,Current
1184,Auto,F,S,0,73228.30,N,46.00,Current
1696,Auto,F,S,0,73228.30,N,61.00,Current
2114,Auto,F,S,0,73228.30,N,52.65,Current
2383,Auto,F,S,0,73228.30,N,43.00,Current
2627,Auto,F,S,0,73228.30,N,70.00,Current
2891,Auto,F,S,0,73228.30,N,55.00,Current
3135,Auto,F,S,0,73228.30,N,42.00,Current
1310,CH,M,M,0,73400.00,Y,53.21,Vol
111,CC,M,S,0,74460.70,Y,55.34,Vol
623,CC,M,S,0,74460.70,Y,55.34,Vol
1135,CC,M,S,0,74460.70,Y,55.34,Vol
1647,CC,M,S,0,74460.70,Y,55.34,Vol
2085,CC,M,S,0,74460.70,Y,55.34,Vol
2329,CC,M,S,0,74460.70,Y,55.34,Vol
2354,CC,M,S,0,74460.70,Y,55.34,Vol
2598,CC,M,S,0,74460.70,Y,55.34,Vol
2862,CC,M,S,0,74460.70,Y,55.34,Vol
3106,CC,M,S,0,74460.70,Y,55.34,Vol
3350,CC,M,S,0,74460.70,Y,55.34,Vol
3594,CC,M,S,0,74460.70,Y,55.34,Vol
429,Auto,F,S,0,74530.80,N,63.09,Current
941,Auto,F,S,0,74530.80,N,63.09,Current
1453,Auto,F,S,0,74530.80,N,63.09,Current
2814,CC,M,M,0,75004.50,N,64.80,Current
2834,CC,M,M,1,75004.50,N,64.80,Current
3078,CC,M,M,0,75004.50,N,64.80,Current
3322,CC,M,M,2,75004.50,N,64.80,Current
3566,CC,M,M,1,75004.50,N,64.80,Current
2852,CC,F,S,1,75397.80,Y,57.66,Vol
304,CC,M,M,1,75799.90,N,46.38,Vol
816,CC,M,M,1,75799.90,N,46.38,Vol
1328,CC,M,M,1,75799.90,N,46.38,Vol
1840,CC,M,M,1,75799.90,N,46.38,Vol
2608,CC,F,S,0,76142.00,N,32.02,Current
180,CC,M,M,0,76161.40,Y,44.57,Vol
692,CC,M,M,0,76161.40,Y,44.57,Vol
1204,CC,M,M,1,76161.40,Y,44.57,Vol
1716,CC,M,M,0,76161.40,Y,44.57,Vol
2123,CC,M,M,1,76161.40,Y,44.57,Vol
3419,CC,M,M,0,66000.00,N,41.00,Vol
80,Auto,F,S,2,66182.70,Y,62.48,Current
592,Auto,F,S,2,66182.70,Y,62.48,Current
1104,Auto,F,S,2,66182.70,Y,62.48,Current
1616,Auto,F,S,2,66182.70,Y,62.48,Current
222,CH,M,S,0,66666.00,N,52.00,Vol
759,CC,M,M,0,66666.00,N,45.49,Vol
795,Auto,F,M,0,66666.00,N,67.00,Current
1408,CC,M,S,0,66666.00,N,77.00,Vol
2653,Auto,F,M,0,66666.00,N,60.00,Current
242,CC,F,M,1,66921.40,Y,43.00,Current
754,CC,F,M,1,66921.40,Y,46.00,Current
1266,CC,F,M,1,66921.40,Y,61.00,Current
1778,CC,F,M,1,66921.40,Y,52.65,Current
2150,CC,F,M,1,66921.40,Y,62.00,Current
2419,CC,F,M,1,66921.40,Y,70.00,Current
360,Auto,F,S,1,67239.40,N,44.43,Current
872,Auto,F,S,0,67239.40,N,44.43,Current
1384,Auto,F,D,1,67239.40,N,44.43,Current
1896,Auto,F,S,0,67239.40,N,44.43,Current
302,CC,M,M,2,67339.80,N,17.01,Current
814,CC,M,M,2,67339.80,N,17.01,Current
1326,CC,M,M,2,67339.80,N,17.01,Current
1838,CC,M,M,2,67339.80,N,17.01,Current
52,CC,F,M,2,67388.00,N,53.12,Vol
564,CC,F,M,2,67388.00,N,53.12,Vol
1076,CC,F,M,2,67388.00,N,53.12,Vol
1588,CC,F,M,2,67388.00,N,53.12,Vol
3672,CC,F,M,2,67388.00,N,53.12,Vol
3680,CC,M,M,1,67388.00,N,53.12,Vol
3688,CC,M,M,1,67388.00,N,53.12,Vol
3701,CC,M,M,0,67388.00,N,53.12,Vol
891,CC,F,M,2,68462.80,N,34.40,Current
1403,CC,F,M,2,68462.80,N,34.40,Current
1915,CC,F,M,2,68462.80,N,34.40,Current
2856,CC,F,S,0,68641.50,Y,47.98,Vol
666,CC,M,S,0,69000.00,Y,52.27,Vol
1690,CH,M,S,0,69000.00,Y,42.00,Vol
1862,CH,M,M,0,69000.00,Y,52.27,Vol
405,CH,F,M,2,69133.90,Y,26.83,Current
917,CH,F,M,2,69133.90,Y,26.83,Vol
1429,CH,F,M,2,69133.90,Y,26.83,Current
1941,CH,F,M,2,69133.90,Y,26.83,Vol
2202,CH,F,M,2,69133.90,Y,26.83,Vol
2471,CH,F,M,2,69133.90,Y,26.83,Current
2715,CH,F,M,2,69133.90,Y,26.83,Current
2979,CH,F,M,2,69133.90,Y,26.83,Current
3223,CH,F,M,2,69133.90,Y,26.83,Vol
350,CC,F,M,2,69486.80,N,30.95,Current
862,CC,F,M,2,69486.80,N,30.95,Current
1374,CC,F,M,2,69486.80,N,30.95,Current
1886,CC,F,M,2,69486.80,N,30.95,Current
215,CC,M,M,1,69680.90,N,15.85,Current
1239,CC,M,M,1,69680.90,N,15.85,Current
1751,CC,M,M,1,69680.90,N,15.85,Current
745,Auto,F,M,1,70000.00,Y,67.00,Current
769,Auto,F,S,1,70000.00,N,56.19,Current
1365,CH,M,S,0,70000.00,Y,48.00,Vol
2423,CH,M,M,0,70000.00,N,55.00,Vol
3663,CC,M,M,0,70000.00,N,42.00,Vol
317,CC,M,M,0,70908.70,N,49.62,Vol
829,CC,M,M,1,70908.70,N,49.62,Vol
1341,CC,M,M,0,70908.70,N,49.62,Vol
1853,CC,M,M,1,70908.70,N,49.62,Vol
1324,CH,F,S,1,71941.50,Y,45.00,Current
497,CC,M,S,2,72084.70,N,55.64,Current
1009,CC,M,S,2,72084.70,N,55.64,Current
1521,CC,M,S,2,72084.70,N,55.64,Current
2033,CC,M,S,2,72084.70,N,55.64,Current
2279,CC,M,S,2,72084.70,N,55.64,Current
2548,CC,M,S,2,72084.70,N,55.64,Current
2792,CC,M,S,2,72084.70,N,55.64,Current
3056,CC,M,S,2,72084.70,N,55.64,Current
3300,CC,M,S,2,72084.70,N,55.64,Current
3544,CC,M,S,2,72084.70,N,55.64,Current
3788,CC,M,S,2,72084.70,N,55.64,Current
1325,CH,F,S,2,72583.00,Y,22.00,Vol
78,CH,F,M,0,72642.60,N,27.65,Current
382,CC,F,M,2,72841.30,N,47.02,Current
894,CC,F,M,2,72841.30,N,47.02,Current
3379,Auto,F,S,0,73228.30,N,43.00,Current
3623,Auto,F,S,0,73228.30,N,43.00,Current
477,Auto,F,S,1,73338.00,N,48.25,Current
989,Auto,F,S,1,73338.00,N,48.25,Current
1501,Auto,F,S,1,73338.00,N,48.25,Current
2013,Auto,F,S,1,73338.00,N,48.25,Current
2260,Auto,F,S,1,73338.00,N,48.25,Current
2529,Auto,F,S,1,73338.00,N,48.25,Vol
2773,Auto,F,S,1,73338.00,N,48.25,Current
3037,Auto,F,S,1,73338.00,N,48.25,Current
3281,Auto,F,S,1,73338.00,N,48.25,Vol
3525,Auto,F,S,1,73338.00,N,48.25,Vol
3769,Auto,F,S,1,73338.00,N,48.25,Current
286,CH,M,M,0,73400.00,Y,64.23,Vol
333,Auto,F,M,0,73400.00,Y,55.63,Current
846,CC,M,M,0,73400.00,Y,53.21,Vol
1965,Auto,F,S,0,74530.80,N,63.09,Current
2223,Auto,F,S,0,74530.80,N,63.09,Current
2492,Auto,F,S,0,74530.80,N,63.09,Current
2736,Auto,F,S,0,74530.80,N,63.09,Current
3000,Auto,F,S,0,74530.80,N,63.09,Current
3244,Auto,F,S,0,74530.80,N,63.09,Current
3488,Auto,F,S,0,74530.80,N,63.09,Current
3732,Auto,F,S,0,74530.80,N,63.09,Current
18,CC,M,M,1,75004.50,N,64.80,Current
530,CC,M,M,0,75004.50,N,64.80,Current
1042,CC,M,M,0,75004.50,N,64.80,Current
1554,CC,M,M,1,75004.50,N,64.80,Current
2057,CC,M,M,1,75004.50,N,64.80,Current
2301,CC,M,M,1,75004.50,N,64.80,Current
2570,CC,M,M,0,75004.50,N,64.80,Current
2392,CC,M,M,0,76161.40,Y,44.57,Vol
2636,CC,M,M,1,76161.40,Y,44.57,Vol
2900,CC,M,M,0,76161.40,Y,44.57,Vol
3144,CC,M,M,0,76161.40,Y,44.57,Vol
3388,CC,M,M,0,76161.40,Y,44.57,Vol
3632,CC,M,M,1,76161.40,Y,44.57,Vol
161,Auto,F,S,2,76231.90,N,63.81,Current
673,Auto,F,S,2,76231.90,N,63.81,Current
1185,Auto,F,S,2,76231.90,N,63.81,Current
1697,Auto,F,S,2,76231.90,N,63.81,Current
436,CC,F,M,2,76289.20,N,48.21,Current
948,CC,F,M,2,76289.20,N,48.21,Current
1460,CC,F,M,2,76289.20,N,48.21,Current
1972,CC,F,M,2,76289.20,N,48.21,Current
2230,CC,F,M,2,76289.20,N,48.21,Current
2499,CC,F,M,2,76289.20,N,48.21,Current
2743,CC,F,M,2,76289.20,N,48.21,Current
3007,CC,F,M,2,76289.20,N,48.21,Current
3251,CC,F,M,2,76289.20,N,48.21,Current
3495,CC,F,M,2,76289.20,N,48.21,Current
3739,CC,F,M,2,76289.20,N,48.21,Current
372,CC,M,M,1,76511.30,N,62.08,Vol
884,CC,M,M,1,76511.30,N,62.08,Vol
1396,CC,M,M,1,76511.30,N,62.08,Vol
1908,CC,M,M,1,76511.30,N,62.08,Vol
280,CC,M,S,1,76529.80,N,58.28,Vol
792,CC,M,S,1,76529.80,N,58.28,Vol
1304,CC,M,S,1,76529.80,N,58.28,Vol
1816,CC,M,S,1,76529.80,N,58.28,Vol
209,CC,F,S,2,76791.20,N,61.00,Current
721,CC,F,S,2,76791.20,N,47.00,Current
1233,CC,F,S,2,76791.20,N,43.00,Current
1468,Auto,F,D,1,77726.40,N,56.72,Current
1980,Auto,F,S,0,77726.40,N,56.72,Current
2238,Auto,F,S,0,77726.40,N,56.72,Current
2507,Auto,F,D,1,77726.40,N,56.72,Current
2751,Auto,F,S,0,77726.40,N,56.72,Current
3015,Auto,F,D,1,77726.40,N,56.72,Current
3259,Auto,F,S,0,77726.40,N,56.72,Current
3503,Auto,F,S,0,77726.40,N,56.72,Current
3747,Auto,F,S,0,77726.40,N,56.72,Current
470,CH,F,M,0,77994.00,N,50.55,Vol
982,CH,F,M,0,77994.00,N,50.55,Vol
1494,CH,F,M,0,77994.00,N,50.55,Vol
2006,CH,F,M,0,77994.00,N,50.55,Vol
322,CC,M,M,0,78000.00,Y,52.27,Vol
845,Auto,F,M,0,78000.00,Y,55.63,Current
1246,CC,M,S,0,78000.00,N,46.00,Vol
3724,Auto,M,S,1,78554.20,N,16.70,Current
201,CC,M,M,0,78572.20,Y,42.35,Vol
713,CC,M,M,0,78572.20,Y,42.35,Vol
1225,CC,M,M,0,78572.20,Y,42.35,Vol
1737,CC,M,M,0,78572.20,Y,42.35,Vol
35,CC,F,S,0,78851.30,N,48.37,Vol
547,CC,F,S,0,78851.30,N,48.37,Vol
1059,CC,F,S,0,78851.30,N,48.37,Current
1571,CC,F,S,0,78851.30,N,48.37,Vol
2620,CC,F,M,0,78851.30,N,48.37,Current
3821,CC,F,S,0,78851.30,N,48.37,Vol
288,CH,M,M,0,78894.20,N,28.00,Current
800,CH,M,M,0,78894.20,N,52.74,Vol
1312,CH,M,M,0,78894.20,N,52.74,Vol
1824,CH,M,M,0,78894.20,N,34.00,Current
283,Auto,F,M,0,80000.00,N,48.00,Current
2944,CC,F,M,2,80087.70,N,41.92,Current
3188,CC,F,M,2,80087.70,N,41.92,Current
3432,CC,F,M,2,80087.70,N,41.92,Current
3676,CC,F,M,2,80087.70,N,41.92,Current
467,Auto,M,S,0,80221.20,N,29.03,Current
979,Auto,M,S,0,80221.20,N,29.03,Current
1491,Auto,M,S,0,80221.20,N,29.03,Current
2003,Auto,M,S,0,80221.20,N,29.03,Current
2255,Auto,M,S,0,80221.20,N,29.03,Current
88,CC,F,M,0,80405.10,N,60.23,Current
1112,CC,F,M,0,80405.10,N,60.23,Current
1335,CC,F,M,1,81641.20,Y,19.00,Vol
561,CC,F,S,0,81710.90,N,58.54,Current
1073,CC,F,S,0,81710.90,N,58.54,Current
346,CC,F,M,2,81913.80,Y,49.66,Current
858,CC,F,M,2,81913.80,Y,49.66,Current
3694,Auto,F,M,1,82931.30,N,64.64,Current
130,CC,F,S,2,83073.70,N,39.55,Current
363,CC,F,M,2,83259.30,N,50.88,Current
875,CC,F,M,2,83259.30,N,50.88,Current
1387,CC,F,M,2,83259.30,N,50.88,Current
1899,CC,F,M,2,83259.30,N,50.88,Current
73,Auto,F,M,2,83284.10,Y,28.42,Current
585,Auto,F,M,2,83284.10,Y,28.42,Current
1097,Auto,F,M,2,83284.10,Y,28.42,Current
1609,Auto,F,M,2,83284.10,Y,28.42,Current
218,Auto,F,M,0,83287.00,N,45.49,Current
338,Auto,F,S,0,83287.00,N,77.00,Current
384,CC,M,S,0,83287.00,N,45.49,Vol
730,Auto,F,M,0,83287.00,N,56.19,Current
737,Auto,F,M,0,83287.00,N,44.00,Current
897,Auto,F,S,1,83287.00,Y,47.00,Current
2602,CC,F,M,0,83900.20,N,45.04,Current
2866,CC,F,M,0,83900.20,N,45.04,Vol
54,CC,F,M,2,84166.10,N,54.01,Vol
566,CC,F,M,2,84166.10,N,54.01,Vol
1078,CC,F,M,2,84166.10,N,54.01,Vol
1590,CC,F,M,2,84166.10,N,54.01,Vol
3673,CC,F,M,2,84166.10,N,54.01,Vol
3681,CC,M,M,1,84166.10,N,54.01,Vol
3689,CC,M,M,0,84166.10,N,54.01,Vol
3702,CC,M,M,0,84166.10,N,54.01,Vol
3705,CC,M,D,1,84166.10,N,33.00,Current
3712,CC,M,M,0,84166.10,N,54.01,Vol
3718,CC,M,M,0,84166.10,N,54.01,Vol
3723,CC,M,M,1,84166.10,N,54.01,Vol
468,CC,M,S,0,84479.20,N,30.00,Current
980,CC,M,S,0,84479.20,N,28.00,Current
3469,CH,F,M,2,84948.00,Y,29.45,Current
3713,CH,F,M,2,84948.00,Y,29.45,Current
474,CH,M,S,1,84978.10,N,21.64,Vol
986,CH,M,S,1,84978.10,N,21.64,Current
1498,CH,M,S,1,84978.10,N,21.64,Current
2010,CH,M,S,1,84978.10,N,21.64,Vol
2257,CH,M,S,1,84978.10,N,21.64,Vol
2526,CH,M,S,1,84978.10,N,21.64,Current
2770,CH,M,S,1,84978.10,N,21.64,Current
3034,CH,M,S,1,84978.10,N,21.64,Current
3278,CH,M,S,1,84978.10,N,21.64,Vol
3522,CH,M,S,1,84978.10,N,21.64,Current
3766,CH,M,S,1,84978.10,N,21.64,Vol
241,Auto,F,S,0,85275.00,N,47.00,Current
753,Auto,F,S,0,85275.00,N,62.00,Current
207,CC,F,M,2,86695.40,N,13.91,Current
719,CC,F,M,2,86695.40,N,13.91,Current
1231,CC,F,M,2,86695.40,N,13.91,Current
1743,CC,F,M,2,86695.40,N,13.91,Current
2136,CC,F,M,2,86695.40,N,13.91,Current
2405,CC,F,M,2,86695.40,N,13.91,Current
2649,CC,F,M,2,86695.40,N,13.91,Current
2913,CC,F,M,2,86695.40,N,13.91,Current
3157,CC,F,M,2,86695.40,N,13.91,Current
3401,CC,F,M,2,86695.40,N,13.91,Current
3645,CC,F,M,2,86695.40,N,13.91,Current
261,Auto,F,S,2,86747.10,N,64.85,Current
773,Auto,F,S,2,86747.10,N,64.85,Current
1285,Auto,F,S,2,86747.10,N,64.85,Current
1797,Auto,F,S,2,86747.10,N,64.85,Current
263,Auto,F,M,1,87404.60,N,63.19,Current
1745,CC,F,S,2,76791.20,N,55.00,Current
225,Auto,F,M,0,77000.00,N,55.00,Current
247,CH,M,M,0,77000.00,N,44.00,Vol
734,CC,M,S,0,77000.00,N,63.35,Vol
850,Auto,F,S,0,77000.00,N,58.56,Current
1242,Auto,F,M,0,77000.00,N,63.35,Current
1307,Auto,F,M,0,77000.00,N,55.00,Current
1409,Auto,F,S,1,77000.00,Y,45.49,Current
2409,Auto,F,M,0,77000.00,N,42.00,Current
2658,Auto,F,M,1,77000.00,Y,48.00,Current
3649,Auto,F,M,0,77000.00,N,47.00,Current
85,CH,F,M,1,77129.10,Y,61.85,Current
95,CC,F,M,2,77551.10,Y,33.60,Current
607,CC,F,M,2,77551.10,Y,33.60,Current
1119,CC,F,M,2,77551.10,Y,33.60,Current
1631,CC,F,M,2,77551.10,Y,33.60,Current
1346,CH,M,M,0,78000.00,Y,50.00,Vol
1350,CH,M,M,1,78000.00,Y,52.27,Vol
1769,Auto,F,M,1,78000.00,Y,58.56,Current
3166,Auto,F,M,1,78000.00,Y,56.19,Current
857,Auto,M,S,2,78373.50,N,35.35,Current
1369,Auto,M,S,2,78373.50,N,35.35,Current
418,Auto,M,M,2,78554.20,N,16.70,Current
930,Auto,M,S,1,78554.20,N,16.70,Current
1442,Auto,M,M,2,78554.20,N,16.70,Current
1954,Auto,M,S,0,78554.20,N,16.70,Current
2215,Auto,M,M,2,78554.20,N,16.70,Current
2484,Auto,M,S,0,78554.20,N,16.70,Current
2728,Auto,M,M,2,78554.20,N,16.70,Current
2992,Auto,M,M,2,78554.20,N,16.70,Current
3236,Auto,M,M,2,78554.20,N,16.70,Current
3480,Auto,M,M,2,78554.20,N,16.70,Current
331,CC,M,M,1,80000.00,N,53.21,Vol
798,CH,M,M,0,80000.00,Y,53.21,Vol
896,CC,M,S,0,80000.00,N,41.00,Vol
1271,CC,M,M,0,80000.00,N,56.19,Vol
1355,CC,M,M,1,80000.00,N,39.00,Current
1358,CC,M,M,0,80000.00,Y,53.21,Vol
1822,CH,M,M,0,80000.00,Y,45.00,Vol
1870,CC,M,M,1,80000.00,Y,53.21,Vol
2922,Auto,F,M,1,80000.00,Y,63.35,Current
312,CC,F,M,2,80087.70,N,41.92,Current
824,CC,F,M,2,80087.70,N,41.92,Current
1336,CC,F,M,2,80087.70,N,41.92,Current
1848,CC,F,M,2,80087.70,N,41.92,Current
2167,CC,F,M,2,80087.70,N,41.92,Current
2436,CC,F,M,2,80087.70,N,41.92,Current
2680,CC,F,M,2,80087.70,N,41.92,Current
1370,CC,F,M,2,81913.80,Y,49.66,Current
1882,CC,F,M,2,81913.80,Y,49.66,Current
272,CC,F,M,2,82644.20,Y,33.49,Current
784,CC,F,M,2,82644.20,Y,33.49,Current
1296,CC,F,M,2,82644.20,Y,33.49,Current
1808,CC,F,M,2,82644.20,Y,33.49,Current
388,Auto,F,M,1,82931.30,N,64.64,Current
900,Auto,F,M,1,82931.30,N,64.64,Current
1412,Auto,F,M,1,82931.30,N,64.64,Current
1924,Auto,F,M,1,82931.30,N,64.64,Current
2185,Auto,F,M,1,82931.30,N,64.64,Current
2454,Auto,F,M,1,82931.30,N,64.64,Current
2698,Auto,F,M,1,82931.30,N,64.64,Current
2962,Auto,F,M,1,82931.30,N,64.64,Current
3206,Auto,F,M,1,82931.30,N,64.64,Current
3450,Auto,F,M,1,82931.30,N,64.64,Current
1249,Auto,F,M,0,83287.00,N,42.00,Current
1362,Auto,F,S,0,83287.00,N,60.00,Current
1754,Auto,F,M,0,83287.00,N,67.00,Current
2140,Auto,F,M,0,83287.00,N,41.00,Current
2145,Auto,F,M,1,83287.00,Y,47.00,Current
2414,Auto,F,M,1,83287.00,Y,52.00,Current
3161,Auto,F,M,0,83287.00,N,44.00,Current
3405,Auto,F,M,0,83287.00,N,58.56,Current
3410,Auto,F,M,1,83287.00,Y,49.00,Current
3654,Auto,F,M,1,83287.00,Y,46.00,Current
37,CH,F,M,0,83891.90,Y,61.02,Vol
549,CH,F,M,0,83891.90,Y,61.02,Vol
1061,CH,F,M,0,83891.90,Y,61.02,Vol
1573,CH,F,M,0,83891.90,Y,61.02,Vol
2623,CH,F,M,0,83891.90,Y,61.02,Current
3823,CH,F,M,0,83891.90,Y,61.02,Vol
1492,CC,M,S,0,84479.20,N,32.00,Current
2004,CC,M,S,0,84479.20,N,39.00,Current
2256,CC,M,S,0,84479.20,N,33.00,Current
81,CH,F,M,2,84789.30,N,50.43,Vol
593,CH,F,S,2,84789.30,N,50.43,Vol
1105,CH,F,M,2,84789.30,N,50.43,Vol
1617,CH,F,M,2,84789.30,N,50.43,Vol
407,CH,F,M,2,84948.00,Y,29.45,Current
919,CH,F,M,2,84948.00,Y,29.45,Current
1431,CH,F,M,2,84948.00,Y,29.45,Current
1943,CH,F,M,2,84948.00,Y,29.45,Current
2204,CH,F,M,2,84948.00,Y,29.45,Current
2473,CH,F,M,2,84948.00,Y,29.45,Current
2717,CH,F,M,2,84948.00,Y,29.45,Current
2981,CH,F,M,2,84948.00,Y,29.45,Current
3225,CH,F,M,2,84948.00,Y,29.45,Current
1265,Auto,F,D,1,85275.00,N,70.00,Current
1777,Auto,F,S,0,85275.00,N,42.00,Current
2149,Auto,F,S,0,85275.00,N,47.00,Current
2418,Auto,F,S,0,85275.00,N,62.00,Current
2662,Auto,F,S,0,85275.00,N,70.00,Current
2926,Auto,F,D,1,85275.00,N,52.00,Current
3170,Auto,F,S,0,85275.00,N,47.00,Current
3414,Auto,F,D,1,85275.00,N,62.00,Current
3658,Auto,F,S,0,85275.00,N,70.00,Current
265,Auto,F,M,2,85394.00,Y,20.16,Current
777,Auto,F,M,2,85394.00,Y,20.16,Current
1289,Auto,F,M,2,85394.00,Y,20.16,Current
1801,Auto,F,M,2,85394.00,Y,20.16,Current
1298,CC,F,S,1,86252.80,Y,59.00,Current
341,CC,M,S,0,86448.20,Y,38.13,Current
775,Auto,F,M,1,87404.60,N,63.19,Current
1287,Auto,F,M,1,87404.60,N,63.19,Current
1799,Auto,F,M,1,87404.60,N,63.19,Current
206,CC,F,M,2,87578.20,Y,53.37,Current
718,CC,F,M,2,87578.20,Y,53.37,Current
1230,CC,F,M,2,87578.20,Y,53.37,Current
1742,CC,F,M,2,87578.20,Y,53.37,Current
2135,CC,F,M,2,87578.20,Y,53.37,Current
2404,CC,F,M,2,87578.20,Y,53.37,Current
2648,CC,F,M,2,87578.20,Y,53.37,Current
2912,CC,F,M,2,87578.20,Y,53.37,Current
3156,CC,F,M,2,87578.20,Y,53.37,Current
3400,CC,F,M,2,87578.20,Y,53.37,Current
3644,CC,F,M,2,87578.20,Y,53.37,Current
426,CC,F,M,2,88427.00,N,13.86,Current
938,CC,F,M,2,88427.00,N,13.86,Current
1450,CC,F,M,2,88427.00,N,13.86,Current
1962,CC,F,M,2,88427.00,N,13.86,Current
2220,CC,F,M,2,88427.00,N,13.86,Current
2489,CC,F,M,2,88427.00,N,13.86,Current
2733,CC,F,M,2,88427.00,N,13.86,Current
2997,CC,F,M,2,88427.00,N,13.86,Current
3241,CC,F,M,2,88427.00,N,13.86,Current
3485,CC,F,M,2,88427.00,N,13.86,Current
3729,CC,F,M,2,88427.00,N,13.86,Current
1327,CC,F,M,1,88759.50,N,60.00,Current
428,CC,M,S,0,89142.70,N,33.00,Current
940,CC,M,S,0,89142.70,N,53.69,Vol
1452,CC,M,S,0,89142.70,N,53.69,Vol
1964,CC,M,S,0,89142.70,N,53.69,Vol
2222,CC,M,S,0,89142.70,N,53.69,Vol
2491,CC,M,S,0,89142.70,N,53.69,Vol
3577,CC,M,S,2,89459.90,N,53.28,Vol
270,CC,F,S,0,89813.60,N,12.85,Current
782,CC,F,S,0,89813.60,N,12.85,Current
1294,CC,F,S,0,89813.60,N,12.85,Current
1806,CC,F,S,0,89813.60,N,12.85,Current
2429,CC,F,S,0,89813.60,N,12.85,Current
2673,CC,F,S,0,89813.60,N,12.85,Current
2937,CC,F,S,0,89813.60,N,12.85,Current
3425,CC,F,S,0,89813.60,N,12.85,Current
471,CC,M,M,2,90103.70,N,34.95,Current
983,CC,M,M,2,90103.70,N,34.95,Current
1495,CC,M,M,2,90103.70,N,34.95,Current
2007,CC,M,M,2,90103.70,N,34.95,Current
450,CC,F,M,2,90271.60,N,44.93,Current
962,CC,F,M,2,90271.60,N,44.93,Current
3066,Auto,M,S,0,90321.60,N,38.00,Current
3310,Auto,M,S,0,90321.60,N,39.00,Current
3554,CC,M,S,0,90321.60,N,55.11,Vol
3798,Auto,M,S,0,90321.60,N,28.00,Current
509,CC,M,S,0,90478.60,N,54.55,Vol
1021,CC,M,D,1,90478.60,N,54.55,Vol
1533,CH,M,S,0,90478.60,N,54.55,Vol
2045,CC,M,D,1,90478.60,N,54.55,Vol
2290,CC,M,S,0,90478.60,N,54.55,Vol
2559,CH,M,S,0,90478.60,N,54.55,Vol
2803,CC,M,S,0,90478.60,N,54.55,Vol
3067,CC,M,S,1,90478.60,N,54.55,Vol
3311,CC,M,D,1,90478.60,N,54.55,Vol
3555,CH,M,S,1,90478.60,N,54.55,Vol
3799,CC,M,D,0,90478.60,N,54.55,Vol
148,CC,M,M,2,91272.20,Y,25.03,Current
1937,CC,F,M,2,91861.00,Y,41.98,Current
2198,CC,F,M,2,91861.00,Y,41.98,Current
2467,CC,F,M,2,91861.00,Y,41.98,Current
2711,CC,F,M,2,91861.00,Y,41.98,Current
2975,CC,F,M,2,91861.00,Y,41.98,Current
3219,CC,F,M,2,91861.00,Y,41.98,Current
3463,CC,F,M,2,91861.00,Y,41.98,Current
3707,CC,F,M,2,91861.00,Y,41.98,Current
354,CC,F,M,2,92103.80,N,52.15,Current
866,CC,F,M,2,92103.80,N,52.15,Current
1378,CC,F,M,2,92103.80,N,52.15,Current
1890,CC,F,M,2,92103.80,N,52.15,Current
464,CC,M,M,1,92148.50,Y,33.00,Current
976,CC,M,M,1,92148.50,Y,38.00,Current
1488,CC,M,M,1,92148.50,Y,33.00,Current
2000,CC,M,M,1,92148.50,Y,30.00,Current
109,CC,M,S,1,92647.50,N,56.05,Vol
621,CC,M,S,1,92647.50,N,56.05,Vol
1133,CC,M,S,1,92647.50,N,56.05,Vol
1645,CC,M,S,1,92647.50,N,56.05,Vol
2083,CC,M,S,1,92647.50,N,56.05,Vol
2327,CC,M,S,1,92647.50,N,56.05,Vol
2352,CC,M,S,1,92647.50,N,56.05,Vol
2596,CC,M,S,1,92647.50,N,56.05,Vol
2860,CC,M,S,1,92647.50,N,56.05,Vol
3104,CC,M,S,1,92647.50,N,56.05,Vol
3348,CC,M,S,1,92647.50,N,56.05,Vol
3592,CC,M,S,1,92647.50,N,56.05,Vol
1127,CC,M,M,0,92881.80,N,21.38,Current
1639,CC,M,M,0,92881.80,N,21.38,Current
2854,CC,M,M,0,92881.80,N,21.38,Vol
169,CH,F,S,0,93322.10,Y,40.31,Vol
681,CH,F,S,0,93322.10,Y,40.31,Vol
2952,Auto,F,S,0,93454.30,Y,48.53,Current
3196,Auto,F,S,0,93454.30,Y,48.53,Current
3440,Auto,F,S,1,93454.30,Y,48.53,Current
3684,Auto,F,D,1,93454.30,Y,48.53,Current
840,CC,F,S,2,93559.10,N,57.62,Current
1352,CC,F,S,2,93559.10,N,57.62,Current
2173,CC,F,S,2,93559.10,N,57.62,Current
2442,CC,F,S,2,93559.10,N,57.62,Current
3194,CC,F,S,2,93559.10,N,57.62,Current
3438,CC,F,S,2,93559.10,N,57.62,Current
3682,CC,F,S,2,93559.10,N,57.62,Current
244,CC,F,M,2,94026.80,Y,27.75,Current
756,CC,F,M,2,94026.80,Y,27.75,Current
1268,CC,F,M,2,94026.80,Y,27.75,Current
1780,CC,F,M,2,94026.80,Y,27.75,Current
398,CC,M,S,1,94188.30,N,57.55,Vol
505,CC,F,M,0,95405.70,N,42.00,Current
1017,CC,F,M,0,95405.70,N,48.00,Current
1529,CC,F,M,0,95405.70,N,43.00,Current
2041,CC,F,M,0,95405.70,N,55.00,Current
2286,CC,F,M,0,95405.70,N,46.00,Current
2555,CC,F,M,0,95405.70,N,62.00,Current
2799,CC,F,M,0,95405.70,N,70.00,Current
3063,CC,F,M,0,95405.70,N,46.51,Current
3307,CC,M,M,0,95405.70,N,46.51,Vol
3551,CC,M,M,0,95405.70,N,46.51,Vol
3795,CC,M,M,0,95405.70,N,46.51,Vol
493,CH,M,M,1,95448.60,Y,53.68,Current
1005,CH,M,M,0,95448.60,Y,53.68,Current
1517,CH,M,M,0,95448.60,Y,53.68,Current
2029,CH,M,M,0,95448.60,Y,53.68,Current
2275,CH,M,M,1,95448.60,Y,53.68,Current
3657,CC,M,M,1,95620.30,Y,49.12,Vol
506,CC,F,S,0,95786.80,Y,43.00,Current
1018,CC,F,S,0,95786.80,Y,52.65,Current
1530,CC,F,S,0,95786.80,Y,46.00,Current
2042,CC,F,S,0,95786.80,Y,52.00,Current
2287,CC,F,S,0,95786.80,Y,47.00,Current
2556,CC,F,S,0,95786.80,Y,41.00,Current
2800,CC,F,S,0,95786.80,Y,57.55,Current
3064,CC,F,S,0,95786.80,Y,57.55,Current
3308,CC,M,S,0,95786.80,Y,57.55,Vol
3552,CC,M,S,0,95786.80,Y,57.55,Vol
3796,CC,M,S,0,95786.80,Y,57.55,Vol
461,CC,M,M,0,96223.40,Y,64.76,Vol
973,CC,M,M,0,96223.40,Y,64.76,Vol
1485,CC,M,M,0,96223.40,Y,64.76,Vol
1997,CC,M,M,0,96223.40,Y,64.76,Vol
2735,CC,M,S,0,89142.70,N,32.00,Current
2999,CC,M,S,0,89142.70,N,53.69,Vol
3243,CC,M,S,0,89142.70,N,53.69,Vol
3487,CC,M,S,0,89142.70,N,53.69,Vol
3731,CC,M,S,0,89142.70,N,53.69,Vol
45,CC,M,S,2,89459.90,N,53.28,Vol
557,CC,M,S,2,89459.90,N,53.28,Vol
1069,CC,M,S,2,89459.90,N,53.28,Vol
1581,CC,M,S,2,89459.90,N,53.28,Vol
2068,CC,M,S,2,89459.90,N,53.28,Vol
2312,CC,M,S,2,89459.90,N,53.28,Vol
2581,CC,M,S,2,89459.90,N,53.28,Vol
2825,CC,M,S,2,89459.90,N,53.28,Vol
2845,CC,M,S,2,89459.90,N,53.28,Vol
3089,CC,M,S,2,89459.90,N,53.28,Vol
3333,CC,M,S,2,89459.90,N,53.28,Vol
1474,CC,F,M,2,90271.60,N,44.93,Current
1986,CC,F,M,2,90271.60,N,44.93,Current
2243,CC,F,M,2,90271.60,N,44.93,Current
2512,CC,F,M,2,90271.60,N,44.93,Current
2756,CC,F,M,2,90271.60,N,44.93,Current
3020,CC,F,M,2,90271.60,N,44.93,Current
3264,CC,F,M,2,90271.60,N,44.93,Current
3508,CC,F,M,2,90271.60,N,44.93,Current
3752,CC,F,M,2,90271.60,N,44.93,Current
508,Auto,M,S,0,90321.60,N,30.00,Current
1020,CC,M,S,0,90321.60,N,55.11,Vol
1532,CC,M,S,0,90321.60,N,55.11,Vol
2044,CH,M,S,0,90321.60,N,55.11,Vol
2289,CH,M,S,0,90321.60,N,55.11,Vol
2558,CC,M,S,0,90321.60,N,55.11,Vol
2802,CC,M,S,0,90321.60,N,55.11,Vol
660,CC,M,M,2,91272.20,Y,25.03,Current
1172,CC,M,M,2,91272.20,Y,25.03,Current
1684,CC,M,M,2,91272.20,Y,25.03,Current
2109,CC,M,M,2,91272.20,Y,25.03,Current
2378,CC,M,M,2,91272.20,Y,25.03,Current
2622,CC,M,M,2,91272.20,Y,25.03,Current
2886,CC,M,M,2,91272.20,Y,25.03,Current
3130,CC,M,M,2,91272.20,Y,25.03,Current
3374,CC,M,M,2,91272.20,Y,25.03,Current
3618,CC,M,M,2,91272.20,Y,25.03,Current
1316,CC,F,S,0,91498.90,N,52.00,Current
2604,CH,F,M,0,91708.40,N,37.29,Current
2868,CH,F,M,0,91708.40,N,37.29,Vol
401,CC,F,M,2,91861.00,Y,41.98,Current
913,CC,F,M,2,91861.00,Y,41.98,Current
1425,CC,F,M,2,91861.00,Y,41.98,Current
2252,CC,M,M,1,92148.50,Y,28.00,Current
191,CC,M,M,0,92414.70,Y,45.51,Vol
703,CC,M,M,1,92414.70,Y,45.51,Vol
1215,CC,M,M,0,92414.70,Y,45.51,Vol
1727,CC,M,M,1,92414.70,Y,45.51,Vol
2132,CC,M,M,0,92414.70,Y,45.51,Vol
2401,CC,M,M,0,92414.70,Y,45.51,Vol
2645,CC,M,M,1,92414.70,Y,45.51,Vol
2909,CC,M,M,0,92414.70,Y,45.51,Vol
3153,CC,M,M,1,92414.70,Y,45.51,Vol
3397,CC,M,M,1,92414.70,Y,45.51,Vol
3641,CC,M,M,0,92414.70,Y,45.51,Vol
339,Auto,F,S,0,92564.10,Y,49.13,Current
851,Auto,F,S,0,92564.10,Y,49.13,Current
1363,Auto,F,S,0,92564.10,Y,49.13,Current
1875,Auto,F,S,0,92564.10,Y,49.13,Current
1193,CH,F,S,0,93322.10,Y,40.31,Vol
1705,CH,F,S,0,93322.10,Y,40.31,Vol
2119,CH,F,S,0,93322.10,Y,40.31,Vol
2388,CH,F,S,0,93322.10,Y,40.31,Vol
2632,CH,F,S,0,93322.10,Y,40.31,Vol
2896,CH,F,S,0,93322.10,Y,40.31,Vol
3140,CH,F,S,0,93322.10,Y,40.31,Vol
3384,CH,F,S,0,93322.10,Y,40.31,Vol
3628,CH,F,S,0,93322.10,Y,40.31,Vol
336,Auto,F,S,1,93454.30,Y,48.53,Current
848,Auto,F,D,1,93454.30,Y,48.53,Current
1360,Auto,F,S,0,93454.30,Y,48.53,Current
1872,Auto,F,D,1,93454.30,Y,48.53,Current
2175,Auto,F,S,0,93454.30,Y,48.53,Current
2444,Auto,F,D,1,93454.30,Y,48.53,Current
2688,Auto,F,S,0,93454.30,Y,48.53,Current
910,CC,M,S,1,94188.30,N,57.55,Vol
1422,CC,M,S,1,94188.30,N,57.55,Vol
1934,CC,M,S,1,94188.30,N,57.55,Vol
2195,CC,M,S,1,94188.30,N,57.55,Vol
2464,CC,M,S,1,94188.30,N,57.55,Vol
2708,CC,M,S,1,94188.30,N,57.55,Vol
2972,CC,M,S,1,94188.30,N,57.55,Vol
3216,CC,M,S,1,94188.30,N,57.55,Vol
3460,CC,M,S,1,94188.30,N,57.55,Vol
3704,CC,M,S,1,94188.30,N,57.55,Vol
2601,CC,F,S,1,94278.70,Y,53.12,Current
2865,CC,F,S,1,94278.70,Y,53.12,Vol
318,CH,M,S,0,94928.30,N,40.18,Vol
830,CC,M,S,0,94928.30,N,40.18,Vol
1342,CC,M,S,0,94928.30,N,40.18,Vol
1854,CH,M,S,0,94928.30,N,40.18,Vol
1282,CC,F,M,1,95011.50,N,52.00,Current
2544,CH,M,M,0,95448.60,Y,53.68,Current
2788,CH,M,M,0,95448.60,Y,53.68,Current
3052,CH,M,M,0,95448.60,Y,53.68,Current
3296,CH,M,M,1,95448.60,Y,53.68,Current
3540,CH,M,M,1,95448.60,Y,53.68,Current
3784,CH,M,M,1,95448.60,Y,53.68,Current
240,CC,F,M,1,95620.30,Y,52.00,Current
752,CC,F,M,1,95620.30,Y,47.00,Current
1264,CC,F,M,1,95620.30,Y,41.00,Current
1776,CC,F,M,1,95620.30,Y,61.00,Current
2148,CC,F,M,1,95620.30,Y,43.00,Current
2417,CC,F,M,1,95620.30,Y,52.65,Current
2661,CC,F,M,1,95620.30,Y,46.00,Current
2925,CC,F,M,1,95620.30,Y,49.12,Current
3169,CC,M,M,1,95620.30,Y,49.12,Vol
3413,CC,M,M,1,95620.30,Y,49.12,Vol
465,CC,M,M,0,96681.00,Y,19.76,Current
977,CC,M,M,0,96681.00,Y,19.76,Current
1489,CC,M,M,0,96681.00,Y,19.76,Current
2001,CC,M,M,0,96681.00,Y,19.76,Current
2253,CC,M,M,0,96681.00,Y,19.76,Current
87,CC,M,M,1,97180.40,N,50.60,Vol
599,CH,M,M,1,97180.40,N,50.60,Vol
1111,CC,M,M,1,97180.40,N,50.60,Vol
1623,Auto,M,M,1,97180.40,N,33.00,Current
2851,CC,F,S,1,97689.20,N,59.07,Vol
427,CC,F,M,2,98003.70,Y,26.27,Current
939,CC,F,M,2,98003.70,Y,26.27,Current
1451,CC,F,M,2,98003.70,Y,26.27,Current
1963,CC,F,M,2,98003.70,Y,26.27,Current
2221,CC,F,M,2,98003.70,Y,26.27,Current
2490,CC,F,M,2,98003.70,Y,26.27,Current
2734,CC,F,M,2,98003.70,Y,26.27,Current
2998,CC,F,M,2,98003.70,Y,26.27,Current
3242,CC,F,M,2,98003.70,Y,26.27,Current
3486,CC,F,M,2,98003.70,Y,26.27,Current
3730,CC,F,M,2,98003.70,Y,26.27,Current
285,Auto,F,M,0,98056.30,N,55.97,Current
797,Auto,F,M,0,98056.30,N,55.97,Current
1309,Auto,F,M,0,98056.30,N,55.97,Current
1821,Auto,F,M,0,98056.30,N,55.97,Current
456,CC,F,M,2,98217.10,N,44.98,Current
968,CC,F,M,2,98217.10,N,44.98,Current
1480,CC,F,M,2,98217.10,N,44.98,Current
1992,CC,F,M,2,98217.10,N,44.98,Current
2248,CC,F,M,2,98217.10,N,44.98,Current
2517,CC,F,M,2,98217.10,N,44.98,Current
2761,CC,F,M,2,98217.10,N,44.98,Current
750,CH,F,M,1,98680.40,Y,46.00,Current
1262,CH,F,M,1,98680.40,Y,62.00,Current
1774,CH,F,M,1,98680.40,Y,70.00,Current
2146,CH,F,M,1,98680.40,Y,42.00,Current
2415,CH,F,M,1,98680.40,Y,48.00,Current
2659,CH,F,M,1,98680.40,Y,43.00,Current
2923,CH,F,M,1,98680.40,Y,58.71,Current
3167,CH,F,M,1,98680.40,Y,58.71,Current
3411,CH,M,M,1,98680.40,Y,58.71,Vol
3655,CH,M,M,1,98680.40,Y,58.71,Vol
79,CC,F,S,0,98716.30,N,55.66,Vol
591,CC,F,S,0,98716.30,N,55.66,Vol
1103,CC,F,S,0,98716.30,N,55.66,Vol
1615,CC,F,S,0,98716.30,N,55.66,Vol
2612,CC,F,S,0,98716.30,N,55.66,Current
61,CH,M,S,2,100020.00,N,50.00,Vol
3025,CC,F,M,2,98217.10,N,44.98,Current
3269,CC,F,M,2,98217.10,N,44.98,Current
3513,CC,F,M,2,98217.10,N,44.98,Current
3757,CC,F,M,2,98217.10,N,44.98,Current
243,Auto,F,M,1,98453.60,Y,46.00,Current
755,Auto,F,M,1,98453.60,Y,70.00,Current
1267,Auto,F,M,1,98453.60,Y,55.00,Current
1779,Auto,F,M,1,98453.60,Y,62.00,Current
2151,Auto,F,M,1,98453.60,Y,41.00,Current
2420,Auto,F,M,1,98453.60,Y,61.00,Current
2664,Auto,F,M,1,98453.60,Y,52.00,Current
2928,Auto,F,M,1,98453.60,Y,43.00,Current
3172,Auto,F,M,1,98453.60,Y,46.00,Current
3416,Auto,F,M,1,98453.60,Y,48.00,Current
3660,Auto,F,M,1,98453.60,Y,61.00,Current
238,CH,F,M,1,98680.40,Y,55.00,Current
326,CH,M,M,0,100020.00,Y,52.27,Vol
573,CH,M,S,2,100020.00,N,48.00,Vol
834,CC,M,M,0,100020.00,Y,52.27,Vol
1858,CC,M,M,0,100020.00,Y,45.65,Vol
334,CC,M,M,0,120000.00,Y,53.21,Vol
843,CC,M,M,1,120000.00,N,53.21,Vol
1085,CH,M,S,2,120000.00,N,42.00,Vol
1867,CC,M,M,1,120000.00,N,64.23,Vol
