ID,LocalBilltype,LongDistanceBilltype,RatePlan
11,Budget,Standard,1
523,Budget,Standard,4
1035,Budget,Standard,3
1547,Budget,Standard,4
3808,Budget,Standard,1
237,FreeLocal,Standard,4
749,FreeLocal,Standard,2
1261,FreeLocal,Standard,4
1773,FreeLocal,Standard,2
478,FreeLocal,Standard,1
990,FreeLocal,Standard,2
1502,FreeLocal,Standard,1
2014,FreeLocal,Standard,4
2261,FreeLocal,Standard,2
2530,FreeLocal,Standard,3
2774,FreeLocal,Standard,1
3038,FreeLocal,Standard,2
3282,FreeLocal,Standard,2
3526,FreeLocal,Standard,4
3770,FreeLocal,Standard,3
298,Budget,Intnl_discount,4
810,Budget,Intnl_discount,3
1322,Budget,Intnl_discount,4
1834,Budget,Intnl_discount,2
2165,Budget,Intnl_discount,2
2434,Budget,Intnl_discount,2
2678,Budget,Intnl_discount,1
2942,Budget,Intnl_discount,4
3186,Budget,Intnl_discount,3
3430,Budget,Intnl_discount,4
3674,Budget,Intnl_discount,4
279,FreeLocal,Intnl_discount,1
791,FreeLocal,Intnl_discount,4
1303,FreeLocal,Intnl_discount,1
1815,FreeLocal,Intnl_discount,3
349,Budget,Standard,3
861,Budget,Standard,4
1373,Budget,Standard,2
1885,Budget,Standard,2
158,Budget,Standard,1
670,Budget,Standard,3
1182,Budget,Standard,1
1694,Budget,Standard,2
124,FreeLocal,Standard,4
636,FreeLocal,Standard,1
1148,FreeLocal,Standard,4
1660,FreeLocal,Standard,3
2097,FreeLocal,Standard,1
2341,FreeLocal,Standard,4
2366,FreeLocal,Standard,4
2610,FreeLocal,Standard,2
2874,FreeLocal,Standard,4
3118,FreeLocal,Standard,2
3362,FreeLocal,Standard,3
3606,FreeLocal,Standard,4
484,Budget,Standard,2
996,Budget,Standard,1
1508,Budget,Standard,3
2020,Budget,Standard,4
2267,Budget,Standard,2
2536,Budget,Standard,4
2780,Budget,Standard,1
3044,Budget,Standard,4
3288,Budget,Standard,2
3532,Budget,Standard,3
3776,Budget,Standard,2
219,Budget,Standard,2
731,Budget,Standard,4
1243,Budget,Standard,3
1755,Budget,Standard,2
221,Budget,Intnl_discount,4
733,Budget,Intnl_discount,2
1245,Budget,Intnl_discount,4
1757,Budget,Intnl_discount,3
2141,Budget,Intnl_discount,1
2410,Budget,Intnl_discount,4
2654,Budget,Intnl_discount,1
2918,Budget,Intnl_discount,3
3162,Budget,Intnl_discount,2
3406,Budget,Intnl_discount,1
3650,Budget,Intnl_discount,1
266,FreeLocal,Standard,3
778,FreeLocal,Standard,3
1290,FreeLocal,Standard,1
1802,FreeLocal,Standard,4
370,Budget,Standard,1
882,Budget,Standard,1
1394,Budget,Standard,3
1906,Budget,Standard,4
1470,Budget,Standard,1
1982,Budget,Standard,2
2240,Budget,Standard,4
2509,Budget,Standard,1
2753,Budget,Standard,4
3017,Budget,Standard,1
3261,Budget,Standard,3
3505,Budget,Standard,1
3749,Budget,Standard,2
1331,FreeLocal,Intnl_discount,1
135,Budget,Intnl_discount,2
647,Budget,Intnl_discount,4
1159,Budget,Intnl_discount,4
1671,Budget,Intnl_discount,3
458,Budget,Intnl_discount,1
970,Budget,Intnl_discount,1
1482,Budget,Intnl_discount,3
1994,Budget,Intnl_discount,4
214,Budget,Standard,3
726,Budget,Standard,3
1238,Budget,Standard,3
1750,Budget,Standard,2
332,Budget,Standard,4
844,Budget,Standard,1
1356,Budget,Standard,2
1868,Budget,Standard,2
2174,Budget,Standard,2
2443,Budget,Standard,3
2687,Budget,Standard,2
2951,Budget,Standard,4
3195,Budget,Standard,3
3439,Budget,Standard,2
3683,Budget,Standard,3
77,Budget,Intnl_discount,4
589,Budget,Intnl_discount,1
1101,Budget,Intnl_discount,4
1317,Budget,Intnl_discount,4
1613,Budget,Intnl_discount,4
2624,Budget,Intnl_discount,3
1276,Budget,Intnl_discount,1
1788,Budget,Intnl_discount,2
3177,Budget,Intnl_discount,2
714,Budget,Intnl_discount,2
1226,Budget,Intnl_discount,2
419,FreeLocal,Standard,2
931,FreeLocal,Standard,2
1443,FreeLocal,Standard,4
1955,FreeLocal,Standard,2
308,FreeLocal,Intnl_discount,2
820,FreeLocal,Intnl_discount,4
1332,FreeLocal,Intnl_discount,3
1844,FreeLocal,Intnl_discount,1
42,Budget,Standard,2
554,Budget,Standard,1
1066,Budget,Standard,3
1578,Budget,Standard,3
656,Budget,Standard,2
1680,Budget,Standard,2
2106,Budget,Standard,2
2619,Budget,Standard,2
473,Budget,Intnl_discount,3
985,Budget,Intnl_discount,3
1497,Budget,Intnl_discount,4
2009,Budget,Intnl_discount,2
3158,Budget,Standard,2
3402,Budget,Standard,2
337,FreeLocal,Standard,1
849,FreeLocal,Standard,1
1361,FreeLocal,Standard,3
1873,FreeLocal,Standard,2
2176,FreeLocal,Standard,2
2445,FreeLocal,Standard,1
2689,FreeLocal,Standard,2
2953,FreeLocal,Standard,4
3197,FreeLocal,Standard,2
3441,FreeLocal,Standard,2
3685,FreeLocal,Standard,3
139,Budget,Standard,1
651,Budget,Standard,2
1163,Budget,Standard,2
1675,Budget,Standard,4
2102,Budget,Standard,2
2371,Budget,Standard,4
2615,Budget,Standard,1
2879,Budget,Standard,1
3123,Budget,Standard,4
3367,Budget,Standard,4
3611,Budget,Standard,3
374,FreeLocal,Standard,2
1910,FreeLocal,Standard,1
2182,FreeLocal,Standard,3
140,FreeLocal,Intnl_discount,2
652,FreeLocal,Intnl_discount,2
1164,FreeLocal,Intnl_discount,3
1676,FreeLocal,Intnl_discount,2
29,Budget,Standard,3
541,Budget,Standard,3
1053,Budget,Standard,2
1565,Budget,Standard,2
2064,Budget,Standard,4
2308,Budget,Standard,1
2577,Budget,Standard,2
2821,Budget,Standard,1
2841,Budget,Standard,1
3085,Budget,Standard,3
3329,Budget,Standard,1
3573,Budget,Standard,4
60,FreeLocal,Standard,4
572,FreeLocal,Standard,2
1084,FreeLocal,Standard,4
1596,FreeLocal,Standard,3
220,FreeLocal,Standard,4
732,FreeLocal,Standard,3
1244,FreeLocal,Standard,1
1756,FreeLocal,Standard,4
335,FreeLocal,Standard,2
847,FreeLocal,Standard,3
1359,FreeLocal,Standard,1
1871,FreeLocal,Standard,1
492,FreeLocal,Standard,2
1004,FreeLocal,Standard,4
1516,FreeLocal,Standard,3
2028,FreeLocal,Standard,4
2274,FreeLocal,Standard,2
2543,FreeLocal,Standard,4
2787,FreeLocal,Standard,3
3051,FreeLocal,Standard,3
3295,FreeLocal,Standard,1
3539,FreeLocal,Standard,3
3783,FreeLocal,Standard,1
86,FreeLocal,Standard,3
598,FreeLocal,Standard,4
1110,FreeLocal,Standard,2
1622,FreeLocal,Standard,1
355,Budget,Intnl_discount,3
867,Budget,Intnl_discount,1
1379,Budget,Intnl_discount,3
1891,Budget,Intnl_discount,1
439,FreeLocal,Standard,2
1975,FreeLocal,Standard,3
2233,FreeLocal,Standard,1
2502,FreeLocal,Standard,2
2746,FreeLocal,Standard,1
3010,FreeLocal,Standard,2
3254,FreeLocal,Standard,3
3498,FreeLocal,Standard,2
3742,FreeLocal,Standard,4
68,FreeLocal,Standard,3
580,FreeLocal,Standard,3
1092,FreeLocal,Standard,2
1604,FreeLocal,Standard,2
1539,FreeLocal,Standard,2
2052,FreeLocal,Standard,2
2565,FreeLocal,Standard,2
2829,FreeLocal,Standard,2
3317,FreeLocal,Standard,2
481,Budget,Intnl_discount,3
993,Budget,Intnl_discount,1
1505,Budget,Intnl_discount,4
2017,Budget,Intnl_discount,4
2264,Budget,Intnl_discount,4
2533,Budget,Intnl_discount,2
2777,Budget,Intnl_discount,1
3041,Budget,Intnl_discount,3
3285,Budget,Intnl_discount,2
3529,Budget,Intnl_discount,1
3773,Budget,Intnl_discount,1
375,Budget,Standard,3
887,Budget,Standard,2
1399,Budget,Standard,3
1911,Budget,Standard,4
2183,Budget,Standard,1
2452,Budget,Standard,4
2696,Budget,Standard,4
2960,Budget,Standard,3
3204,Budget,Standard,2
3448,Budget,Standard,4
3692,Budget,Standard,1
315,FreeLocal,Standard,2
827,FreeLocal,Standard,4
1339,FreeLocal,Standard,2
1851,FreeLocal,Standard,4
2169,FreeLocal,Standard,4
2438,FreeLocal,Standard,2
2682,FreeLocal,Standard,4
2946,FreeLocal,Standard,4
3190,FreeLocal,Standard,2
3434,FreeLocal,Standard,4
3678,FreeLocal,Standard,2
404,FreeLocal,Standard,3
916,FreeLocal,Standard,1
1428,FreeLocal,Standard,1
1940,FreeLocal,Standard,4
2201,FreeLocal,Standard,3
2470,FreeLocal,Standard,3
2714,FreeLocal,Standard,4
2978,FreeLocal,Standard,3
3222,FreeLocal,Standard,1
3466,FreeLocal,Standard,4
3710,FreeLocal,Standard,2
386,FreeLocal,Standard,2
898,FreeLocal,Standard,2
1410,FreeLocal,Standard,2
1922,FreeLocal,Standard,2
2184,FreeLocal,Standard,2
195,FreeLocal,Intnl_discount,2
707,FreeLocal,Intnl_discount,1
1219,FreeLocal,Intnl_discount,3
1731,FreeLocal,Intnl_discount,2
182,Budget,Standard,2
694,Budget,Standard,1
1206,Budget,Standard,4
1718,Budget,Standard,3
821,Budget,Standard,3
117,Budget,Intnl_discount,2
629,Budget,Intnl_discount,3
1141,Budget,Intnl_discount,4
1653,Budget,Intnl_discount,4
2090,Budget,Intnl_discount,1
2334,Budget,Intnl_discount,4
2359,Budget,Intnl_discount,2
2603,Budget,Intnl_discount,2
2867,Budget,Intnl_discount,4
3111,Budget,Intnl_discount,4
3355,Budget,Intnl_discount,2
3599,Budget,Intnl_discount,1
108,Budget,Standard,1
620,Budget,Standard,4
1132,Budget,Standard,1
1644,Budget,Standard,2
2082,Budget,Standard,3
2326,Budget,Standard,2
2351,Budget,Standard,2
2595,Budget,Standard,3
2859,Budget,Standard,3
3103,Budget,Standard,4
3347,Budget,Standard,2
3591,Budget,Standard,4
48,Budget,Standard,1
560,Budget,Standard,4
1072,Budget,Standard,4
1584,Budget,Standard,3
2071,Budget,Standard,3
2315,Budget,Standard,1
2584,Budget,Standard,3
2848,Budget,Standard,1
3092,Budget,Standard,1
3336,Budget,Standard,2
3580,Budget,Standard,3
423,FreeLocal,Standard,1
935,FreeLocal,Standard,1
1959,FreeLocal,Standard,2
2217,FreeLocal,Standard,1
2451,FreeLocal,Standard,1
2695,FreeLocal,Standard,4
440,FreeLocal,Intnl_discount,1
1464,FreeLocal,Intnl_discount,3
1976,FreeLocal,Intnl_discount,2
2730,FreeLocal,Standard,1
2994,FreeLocal,Standard,1
353,Budget,Standard,4
865,Budget,Standard,4
1377,Budget,Standard,4
198,Budget,Standard,1
710,Budget,Standard,1
1222,Budget,Standard,1
1734,Budget,Standard,2
2134,Budget,Standard,1
2403,Budget,Standard,2
2647,Budget,Standard,1
2911,Budget,Standard,3
3155,Budget,Standard,3
3399,Budget,Standard,2
3643,Budget,Standard,1
228,Budget,Intnl_discount,1
740,Budget,Intnl_discount,2
1252,Budget,Intnl_discount,3
1764,Budget,Intnl_discount,4
305,Budget,Standard,4
817,Budget,Standard,3
1329,Budget,Standard,1
1841,Budget,Standard,3
410,FreeLocal,Standard,2
2207,FreeLocal,Standard,2
2720,FreeLocal,Standard,2
2984,FreeLocal,Standard,2
3228,FreeLocal,Standard,2
462,Budget,Intnl_discount,4
974,Budget,Intnl_discount,3
1486,Budget,Intnl_discount,3
1998,Budget,Intnl_discount,1
2251,Budget,Intnl_discount,2
2520,Budget,Intnl_discount,2
2764,Budget,Intnl_discount,3
3028,Budget,Intnl_discount,1
3272,Budget,Intnl_discount,2
3516,Budget,Intnl_discount,2
3760,Budget,Intnl_discount,1
65,FreeLocal,Intnl_discount,1
577,FreeLocal,Intnl_discount,2
1089,FreeLocal,Intnl_discount,2
1601,FreeLocal,Intnl_discount,3
289,Budget,Intnl_discount,1
801,Budget,Intnl_discount,4
1313,Budget,Intnl_discount,3
1825,Budget,Intnl_discount,1
2162,Budget,Intnl_discount,2
2431,Budget,Intnl_discount,1
2675,Budget,Intnl_discount,3
2939,Budget,Intnl_discount,4
3183,Budget,Intnl_discount,3
3427,Budget,Intnl_discount,1
3671,Budget,Intnl_discount,3
488,FreeLocal,Standard,2
1000,FreeLocal,Standard,3
1512,FreeLocal,Standard,4
2024,FreeLocal,Standard,4
2270,FreeLocal,Standard,1
2539,FreeLocal,Standard,4
2783,FreeLocal,Standard,3
3047,FreeLocal,Standard,1
3291,FreeLocal,Standard,4
3535,FreeLocal,Standard,1
3779,FreeLocal,Standard,2
479,Budget,Standard,2
991,Budget,Standard,2
1503,Budget,Standard,2
2015,Budget,Standard,2
2262,Budget,Standard,1
2531,Budget,Standard,2
2775,Budget,Standard,1
3039,Budget,Standard,2
3283,Budget,Standard,2
3527,Budget,Standard,3
3771,Budget,Standard,1
356,FreeLocal,Intnl_discount,3
868,FreeLocal,Intnl_discount,2
1380,FreeLocal,Intnl_discount,4
1892,FreeLocal,Intnl_discount,3
36,Budget,Standard,4
548,Budget,Standard,1
1060,Budget,Standard,1
1572,Budget,Standard,4
3822,Budget,Standard,1
194,Budget,Standard,1
706,Budget,Standard,4
1218,Budget,Standard,2
1730,Budget,Standard,4
254,FreeLocal,Standard,3
766,FreeLocal,Standard,4
1278,FreeLocal,Standard,1
1790,FreeLocal,Standard,3
284,FreeLocal,Standard,4
796,FreeLocal,Standard,4
1308,FreeLocal,Standard,1
1820,FreeLocal,Standard,2
127,Budget,Standard,2
639,Budget,Standard,1
1151,Budget,Standard,2
1663,Budget,Standard,4
2098,Budget,Standard,4
2342,Budget,Standard,3
2367,Budget,Standard,4
2611,Budget,Standard,4
2875,Budget,Standard,1
3119,Budget,Standard,2
3363,Budget,Standard,1
3607,Budget,Standard,3
8,FreeLocal,Standard,3
520,FreeLocal,Standard,2
1032,FreeLocal,Standard,1
1544,FreeLocal,Standard,4
3805,FreeLocal,Standard,1
21,Budget,Standard,3
533,Budget,Standard,1
1045,Budget,Standard,2
1557,Budget,Standard,1
2060,Budget,Standard,1
2304,Budget,Standard,4
2573,Budget,Standard,2
2817,Budget,Standard,2
2837,Budget,Standard,1
3081,Budget,Standard,1
3325,Budget,Standard,4
3569,Budget,Standard,3
23,Budget,Intnl_discount,4
535,Budget,Intnl_discount,4
1047,Budget,Intnl_discount,1
1559,Budget,Intnl_discount,2
2062,Budget,Intnl_discount,4
2306,Budget,Intnl_discount,1
2575,Budget,Intnl_discount,2
2819,Budget,Intnl_discount,4
2839,Budget,Intnl_discount,1
3083,Budget,Intnl_discount,2
3327,Budget,Intnl_discount,2
3571,Budget,Intnl_discount,2
121,Budget,Standard,3
633,Budget,Standard,4
1145,Budget,Standard,1
1657,Budget,Standard,4
2094,Budget,Standard,3
2338,Budget,Standard,1
2363,Budget,Standard,4
2607,Budget,Standard,2
2871,Budget,Standard,3
3115,Budget,Standard,1
3359,Budget,Standard,1
3603,Budget,Standard,1
2861,Budget,Standard,4
3105,Budget,Standard,4
3349,Budget,Standard,2
3593,Budget,Standard,2
391,FreeLocal,Standard,2
903,FreeLocal,Standard,4
1415,FreeLocal,Standard,3
1927,FreeLocal,Standard,2
2188,FreeLocal,Standard,1
2457,FreeLocal,Standard,3
2701,FreeLocal,Standard,4
2965,FreeLocal,Standard,4
3209,FreeLocal,Standard,4
3453,FreeLocal,Standard,1
3697,FreeLocal,Standard,1
414,FreeLocal,Intnl_discount,1
648,Budget,Standard,3
1160,Budget,Standard,3
1672,Budget,Standard,1
1306,Budget,Standard,4
236,Budget,Intnl_discount,3
748,Budget,Intnl_discount,3
1260,Budget,Intnl_discount,3
1772,Budget,Intnl_discount,1
494,FreeLocal,Standard,4
1006,FreeLocal,Standard,1
1518,FreeLocal,Standard,1
2030,FreeLocal,Standard,2
2276,FreeLocal,Standard,1
2545,FreeLocal,Standard,4
2789,FreeLocal,Standard,3
3053,FreeLocal,Standard,3
1012,FreeLocal,Standard,3
1524,FreeLocal,Standard,4
2036,FreeLocal,Standard,2
2282,FreeLocal,Standard,4
2551,FreeLocal,Standard,2
2795,FreeLocal,Standard,4
3059,FreeLocal,Standard,1
3303,FreeLocal,Standard,1
3547,FreeLocal,Standard,3
3791,FreeLocal,Standard,4
229,Budget,Intnl_discount,4
741,Budget,Intnl_discount,4
1253,Budget,Intnl_discount,2
1765,Budget,Intnl_discount,1
273,FreeLocal,Standard,3
785,FreeLocal,Standard,2
3210,FreeLocal,Standard,2
3454,FreeLocal,Standard,1
3698,FreeLocal,Standard,2
1023,Budget,Standard,2
3801,Budget,Standard,2
40,FreeLocal,Standard,4
552,FreeLocal,Standard,4
1064,FreeLocal,Standard,1
1576,FreeLocal,Standard,2
3825,FreeLocal,Standard,3
142,Budget,Standard,1
654,Budget,Standard,4
1166,Budget,Standard,1
1678,Budget,Standard,3
2104,Budget,Standard,3
2373,Budget,Standard,1
2600,Budget,Standard,4
2864,Budget,Standard,3
3108,Budget,Standard,2
3352,Budget,Standard,4
3596,Budget,Standard,1
6,FreeLocal,Standard,2
518,FreeLocal,Standard,1
1030,FreeLocal,Standard,4
1542,FreeLocal,Standard,1
3803,FreeLocal,Standard,2
1967,Budget,Standard,1
2486,FreeLocal,Standard,1
2959,FreeLocal,Standard,2
445,FreeLocal,Standard,1
232,FreeLocal,Standard,3
744,FreeLocal,Standard,4
1944,Budget,Standard,3
2205,Budget,Standard,1
2474,Budget,Standard,4
2718,Budget,Standard,2
2982,Budget,Standard,3
3226,Budget,Standard,1
3470,Budget,Standard,2
3714,Budget,Standard,1
1008,Budget,Standard,2
2032,Budget,Standard,2
310,Budget,Intnl_discount,2
444,Budget,Intnl_discount,1
2294,Budget,Intnl_discount,1
2750,Budget,Standard,4
84,Budget,Intnl_discount,4
596,Budget,Intnl_discount,4
1817,Budget,Standard,3
431,Budget,Standard,3
822,Budget,Intnl_discount,4
1398,FreeLocal,Standard,3
1978,Budget,Standard,1
2563,Budget,Intnl_discount,2
2752,FreeLocal,Standard,3
1845,Budget,Standard,2
2050,Budget,Intnl_discount,4
2508,FreeLocal,Standard,3
3559,Budget,Intnl_discount,3
83,FreeLocal,Intnl_discount,4
595,FreeLocal,Intnl_discount,4
1107,FreeLocal,Intnl_discount,4
1619,FreeLocal,Intnl_discount,4
475,Budget,Intnl_discount,3
878,FreeLocal,Standard,2
1902,FreeLocal,Standard,2
295,FreeLocal,Standard,4
807,FreeLocal,Standard,1
1319,FreeLocal,Standard,1
1831,FreeLocal,Standard,3
264,FreeLocal,Intnl_discount,2
1288,FreeLocal,Intnl_discount,1
110,Budget,Standard,3
622,Budget,Standard,2
1134,Budget,Standard,2
1646,Budget,Standard,2
2084,Budget,Standard,2
2328,Budget,Standard,3
2353,Budget,Standard,4
2597,Budget,Standard,3
926,FreeLocal,Intnl_discount,2
1438,FreeLocal,Intnl_discount,1
1950,FreeLocal,Intnl_discount,1
2211,FreeLocal,Intnl_discount,4
2480,FreeLocal,Intnl_discount,3
2724,FreeLocal,Intnl_discount,3
2988,FreeLocal,Intnl_discount,1
3232,FreeLocal,Intnl_discount,3
3476,FreeLocal,Intnl_discount,2
3720,FreeLocal,Intnl_discount,3
231,FreeLocal,Standard,1
743,FreeLocal,Standard,1
1255,FreeLocal,Standard,4
1767,FreeLocal,Standard,1
136,Budget,Standard,1
3297,FreeLocal,Standard,3
3541,FreeLocal,Standard,4
3785,FreeLocal,Standard,4
351,Budget,Intnl_discount,4
863,Budget,Intnl_discount,4
1375,Budget,Intnl_discount,1
1887,Budget,Intnl_discount,3
94,FreeLocal,Standard,1
606,FreeLocal,Standard,4
1118,FreeLocal,Standard,3
1630,FreeLocal,Standard,2
271,Budget,Standard,1
783,Budget,Standard,1
1295,Budget,Standard,2
1807,Budget,Standard,4
500,FreeLocal,Standard,4
1297,FreeLocal,Standard,2
1809,FreeLocal,Standard,2
3011,FreeLocal,Intnl_discount,3
38,FreeLocal,Standard,4
550,FreeLocal,Standard,4
1062,FreeLocal,Standard,4
1574,FreeLocal,Standard,4
3824,FreeLocal,Standard,4
392,FreeLocal,Standard,2
904,FreeLocal,Standard,2
1416,FreeLocal,Standard,4
1928,FreeLocal,Standard,4
2189,FreeLocal,Standard,4
2458,FreeLocal,Standard,2
2702,FreeLocal,Standard,3
2966,FreeLocal,Standard,2
2617,Budget,Standard,3
2881,Budget,Standard,1
3125,Budget,Standard,4
3369,Budget,Standard,3
3613,Budget,Standard,2
205,FreeLocal,Standard,4
717,FreeLocal,Standard,3
1229,FreeLocal,Standard,3
1741,FreeLocal,Standard,4
114,Budget,Standard,2
626,Budget,Standard,3
1138,Budget,Standard,1
1650,Budget,Standard,1
2087,Budget,Standard,3
2331,Budget,Standard,1
2356,Budget,Standard,4
1256,FreeLocal,Standard,3
1768,FreeLocal,Standard,4
2144,FreeLocal,Standard,1
2413,FreeLocal,Standard,1
2657,FreeLocal,Standard,2
2921,FreeLocal,Standard,4
3165,FreeLocal,Standard,1
3409,FreeLocal,Standard,4
3653,FreeLocal,Standard,2
213,Budget,Standard,4
725,Budget,Standard,4
1237,Budget,Standard,3
1749,Budget,Standard,2
408,Budget,Standard,2
920,Budget,Standard,3
1432,Budget,Standard,1
1108,Budget,Intnl_discount,4
1620,Budget,Intnl_discount,4
441,Budget,Intnl_discount,2
1465,Budget,Intnl_discount,4
1977,Budget,Intnl_discount,3
2234,FreeLocal,Intnl_discount,1
2503,FreeLocal,Intnl_discount,3
2738,Budget,Standard,1
3002,Budget,Standard,4
3013,Budget,Standard,2
1318,Budget,Standard,1
443,Budget,Standard,3
886,FreeLocal,Standard,4
281,Budget,Standard,2
793,Budget,Standard,4
1305,Budget,Standard,2
987,Budget,Intnl_discount,4
1499,Budget,Intnl_discount,1
2011,Budget,Intnl_discount,4
2258,Budget,Intnl_discount,1
2527,Budget,Intnl_discount,4
2771,Budget,Intnl_discount,1
3035,Budget,Intnl_discount,4
3279,Budget,Intnl_discount,2
3523,Budget,Intnl_discount,1
3767,Budget,Intnl_discount,2
377,Budget,Intnl_discount,1
889,Budget,Intnl_discount,3
1401,Budget,Intnl_discount,3
1913,Budget,Intnl_discount,2
394,Budget,Standard,2
906,Budget,Standard,3
1418,Budget,Standard,3
1930,Budget,Standard,4
2191,Budget,Standard,4
2460,Budget,Standard,2
2704,Budget,Standard,2
2968,Budget,Standard,4
3212,Budget,Standard,1
3456,Budget,Standard,4
3700,Budget,Standard,1
513,Budget,Intnl_discount,2
1846,Budget,Intnl_discount,4
2239,FreeLocal,Standard,3
2827,Budget,Intnl_discount,1
1863,Budget,Intnl_discount,2
2685,Budget,Intnl_discount,2
1,Budget,Intnl_discount,3
601,FreeLocal,Intnl_discount,4
1113,FreeLocal,Intnl_discount,2
1625,FreeLocal,Intnl_discount,4
2613,FreeLocal,Intnl_discount,2
96,FreeLocal,Standard,3
608,FreeLocal,Standard,3
1120,FreeLocal,Standard,1
1632,FreeLocal,Standard,1
1299,Budget,Intnl_discount,1
1979,Budget,Standard,1
2505,Budget,Standard,1
74,Budget,Intnl_discount,4
586,Budget,Intnl_discount,4
1098,Budget,Intnl_discount,4
1610,Budget,Intnl_discount,4
255,FreeLocal,Standard,4
954,Budget,Standard,2
956,Budget,Intnl_discount,4
957,FreeLocal,Standard,2
958,Budget,Standard,1
1447,FreeLocal,Standard,1
1455,Budget,Standard,3
1463,FreeLocal,Standard,4
309,Budget,Standard,4
1025,Budget,Intnl_discount,2
2494,Budget,Standard,1
3071,Budget,Intnl_discount,4
1545,FreeLocal,Standard,2
3806,FreeLocal,Standard,2
460,FreeLocal,Standard,3
972,FreeLocal,Standard,4
1484,FreeLocal,Standard,4
583,Budget,Intnl_discount,3
1095,Budget,Intnl_discount,4
1607,Budget,Intnl_discount,3
2073,Budget,Intnl_discount,2
2317,Budget,Intnl_discount,2
2586,Budget,Intnl_discount,1
2850,Budget,Intnl_discount,3
3094,Budget,Intnl_discount,3
3338,Budget,Intnl_discount,3
3582,Budget,Intnl_discount,3
133,Budget,Intnl_discount,1
645,Budget,Intnl_discount,2
1157,Budget,Intnl_discount,2
1669,Budget,Intnl_discount,1
498,Budget,Standard,3
1010,Budget,Standard,4
1842,FreeLocal,Standard,2
104,Budget,Standard,1
616,Budget,Standard,4
1128,Budget,Standard,2
1640,Budget,Standard,3
2078,Budget,Standard,4
2322,Budget,Standard,3
2347,Budget,Standard,1
2591,Budget,Standard,3
2855,Budget,Standard,2
3099,Budget,Standard,1
3343,Budget,Standard,3
3587,Budget,Standard,2
2599,FreeLocal,Intnl_discount,2
2863,FreeLocal,Intnl_discount,4
62,Budget,Standard,3
574,Budget,Standard,3
358,Budget,Intnl_discount,1
870,Budget,Intnl_discount,2
1382,Budget,Intnl_discount,1
1894,Budget,Intnl_discount,1
771,Budget,Intnl_discount,4
1283,Budget,Intnl_discount,2
2159,Budget,Intnl_discount,4
2428,Budget,Intnl_discount,4
2672,Budget,Intnl_discount,2
2936,Budget,Intnl_discount,4
3180,Budget,Intnl_discount,4
3424,Budget,Intnl_discount,4
3668,Budget,Intnl_discount,4
249,Budget,Intnl_discount,4
761,Budget,Intnl_discount,4
1273,Budget,Intnl_discount,4
1560,FreeLocal,Standard,2
2063,FreeLocal,Standard,3
2307,FreeLocal,Standard,3
2576,FreeLocal,Standard,2
2820,FreeLocal,Standard,4
2840,FreeLocal,Standard,4
3084,FreeLocal,Standard,4
3328,FreeLocal,Standard,3
3572,FreeLocal,Standard,4
203,FreeLocal,Standard,4
715,FreeLocal,Standard,1
1227,FreeLocal,Standard,1
1739,FreeLocal,Standard,1
343,FreeLocal,Standard,1
855,FreeLocal,Standard,2
1367,FreeLocal,Standard,2
936,Budget,Intnl_discount,2
1448,Budget,Intnl_discount,3
1960,Budget,Intnl_discount,2
2218,Budget,Intnl_discount,4
2487,Budget,Intnl_discount,2
2731,Budget,Intnl_discount,4
2995,Budget,Intnl_discount,4
3239,Budget,Intnl_discount,3
3483,Budget,Intnl_discount,2
3727,Budget,Intnl_discount,4
178,Budget,Standard,3
690,Budget,Standard,1
1202,Budget,Standard,4
1714,Budget,Standard,4
2122,Budget,Standard,1
2391,Budget,Standard,3
1334,Budget,Intnl_discount,2
2225,Budget,Standard,3
2807,Budget,Intnl_discount,3
3012,Budget,Intnl_discount,1
422,Budget,Standard,2
934,Budget,Standard,4
1446,Budget,Standard,2
1958,Budget,Standard,4
2216,Budget,Standard,4
2485,Budget,Standard,2
2729,Budget,Standard,1
2993,Budget,Standard,3
3237,Budget,Standard,1
3481,Budget,Standard,4
3725,Budget,Standard,2
89,FreeLocal,Intnl_discount,4
767,FreeLocal,Standard,1
1279,FreeLocal,Standard,2
1791,FreeLocal,Standard,1
2158,FreeLocal,Standard,4
2427,FreeLocal,Standard,1
2671,FreeLocal,Standard,1
2935,FreeLocal,Standard,4
3179,FreeLocal,Standard,1
3423,FreeLocal,Standard,4
3667,FreeLocal,Standard,4
442,Budget,Standard,2
446,Budget,Standard,4
943,Budget,Standard,3
951,FreeLocal,Standard,2
952,FreeLocal,Intnl_discount,4
953,Budget,Intnl_discount,3
1996,FreeLocal,Standard,3
955,Budget,Standard,4
1333,Budget,Standard,2
1466,Budget,Standard,4
1469,FreeLocal,Standard,4
1537,Budget,Intnl_discount,2
1981,FreeLocal,Standard,3
2235,Budget,Intnl_discount,4
2237,Budget,Standard,3
2504,Budget,Intnl_discount,3
2506,Budget,Standard,1
2747,FreeLocal,Intnl_discount,4
2749,Budget,Standard,3
3014,Budget,Standard,2
3315,Budget,Intnl_discount,3
71,Budget,Intnl_discount,4
1522,Budget,Standard,2
2034,Budget,Standard,1
2280,Budget,Standard,2
2549,Budget,Standard,4
2793,Budget,Standard,3
3057,Budget,Standard,3
3301,Budget,Standard,2
3545,Budget,Standard,4
3789,Budget,Standard,1
1467,Budget,Standard,1
2236,Budget,Standard,3
2748,Budget,Intnl_discount,4
3016,FreeLocal,Standard,2
306,FreeLocal,Standard,2
818,FreeLocal,Standard,3
1330,FreeLocal,Standard,4
1086,Budget,Standard,2
1598,Budget,Standard,3
92,FreeLocal,Standard,2
604,FreeLocal,Standard,3
1116,FreeLocal,Standard,2
1628,FreeLocal,Standard,3
3679,FreeLocal,Standard,2
3687,FreeLocal,Standard,3
3699,FreeLocal,Standard,2
3708,FreeLocal,Standard,2
3716,FreeLocal,Standard,3
3721,FreeLocal,Standard,2
1079,Budget,Standard,4
1591,Budget,Standard,4
2609,Budget,Standard,2
1275,Budget,Standard,2
1785,Budget,Intnl_discount,1
2155,Budget,Intnl_discount,1
2424,Budget,Intnl_discount,2
2668,Budget,Intnl_discount,2
2932,Budget,Intnl_discount,3
3176,Budget,Intnl_discount,4
3420,Budget,Intnl_discount,4
3664,Budget,Intnl_discount,3
138,FreeLocal,Standard,2
650,FreeLocal,Standard,2
1162,FreeLocal,Standard,2
1674,FreeLocal,Standard,2
2101,FreeLocal,Standard,2
24,FreeLocal,Standard,2
536,FreeLocal,Standard,4
1048,FreeLocal,Standard,3
1879,FreeLocal,Standard,1
499,Budget,Intnl_discount,2
1011,Budget,Intnl_discount,3
1523,Budget,Intnl_discount,2
2035,Budget,Intnl_discount,2
2281,Budget,Intnl_discount,3
2550,Budget,Intnl_discount,2
2794,Budget,Intnl_discount,4
3058,Budget,Intnl_discount,1
3302,Budget,Intnl_discount,1
3546,Budget,Intnl_discount,1
3790,Budget,Intnl_discount,1
2853,Budget,Standard,4
1321,FreeLocal,Standard,1
424,Budget,Intnl_discount,3
2635,Budget,Standard,3
2899,Budget,Standard,4
3143,Budget,Standard,3
3387,Budget,Standard,2
3631,Budget,Standard,1
234,Budget,Standard,2
746,Budget,Standard,2
1258,Budget,Standard,3
1770,Budget,Standard,4
320,FreeLocal,Standard,2
832,FreeLocal,Standard,3
1344,FreeLocal,Standard,3
1856,FreeLocal,Standard,1
2857,Budget,Standard,4
14,Budget,Intnl_discount,1
526,Budget,Intnl_discount,1
1038,Budget,Intnl_discount,2
1550,Budget,Intnl_discount,2
3811,Budget,Intnl_discount,3
1292,FreeLocal,Standard,2
2858,FreeLocal,Standard,4
260,FreeLocal,Standard,2
772,FreeLocal,Standard,4
1284,FreeLocal,Standard,4
1796,FreeLocal,Standard,4
17,FreeLocal,Standard,1
529,FreeLocal,Standard,1
1041,FreeLocal,Standard,4
1553,FreeLocal,Standard,1
2056,FreeLocal,Standard,2
2300,FreeLocal,Standard,1
2569,FreeLocal,Standard,3
3538,FreeLocal,Standard,4
3782,FreeLocal,Standard,1
181,FreeLocal,Intnl_discount,3
693,FreeLocal,Intnl_discount,4
1205,FreeLocal,Intnl_discount,1
1717,FreeLocal,Intnl_discount,3
2124,FreeLocal,Intnl_discount,4
2393,FreeLocal,Intnl_discount,1
2637,FreeLocal,Intnl_discount,2
2901,FreeLocal,Intnl_discount,1
3145,FreeLocal,Intnl_discount,2
3389,FreeLocal,Intnl_discount,2
3633,FreeLocal,Intnl_discount,3
510,Budget,Standard,2
1022,Budget,Standard,3
565,Budget,Standard,4
1077,Budget,Standard,4
1589,Budget,Standard,4
1323,FreeLocal,Standard,1
190,FreeLocal,Standard,1
702,FreeLocal,Standard,2
1214,FreeLocal,Standard,1
1726,FreeLocal,Standard,3
2131,FreeLocal,Standard,4
2400,FreeLocal,Standard,1
2644,FreeLocal,Standard,1
2908,FreeLocal,Standard,3
3152,FreeLocal,Standard,1
3396,FreeLocal,Standard,4
3640,FreeLocal,Standard,4
246,Budget,Standard,2
2699,Budget,Standard,1
2963,Budget,Standard,4
3207,Budget,Standard,1
3451,Budget,Standard,1
3695,Budget,Standard,4
22,Budget,Standard,2
534,Budget,Standard,3
1046,Budget,Standard,1
1558,Budget,Standard,1
2061,Budget,Standard,3
2305,Budget,Standard,3
2574,Budget,Standard,3
2818,Budget,Standard,4
2838,Budget,Standard,3
3082,Budget,Standard,1
3326,Budget,Standard,2
3706,Budget,Intnl_discount,1
3715,Budget,Intnl_discount,2
3719,Budget,Intnl_discount,4
3728,Budget,Intnl_discount,1
313,Budget,Standard,2
825,Budget,Standard,1
1337,Budget,Standard,3
1849,Budget,Standard,3
2168,Budget,Standard,2
2437,Budget,Standard,4
2681,Budget,Standard,4
2945,Budget,Standard,3
3189,Budget,Standard,1
3433,Budget,Standard,1
3677,Budget,Standard,2
365,Budget,Standard,2
1144,FreeLocal,Standard,1
1656,FreeLocal,Standard,2
2093,FreeLocal,Standard,1
2337,FreeLocal,Standard,2
2362,FreeLocal,Standard,4
2606,FreeLocal,Standard,4
2870,FreeLocal,Standard,1
3114,FreeLocal,Standard,1
3358,FreeLocal,Standard,3
3602,FreeLocal,Standard,2
466,FreeLocal,Intnl_discount,2
978,FreeLocal,Intnl_discount,2
1490,FreeLocal,Intnl_discount,2
2002,FreeLocal,Intnl_discount,2
2254,FreeLocal,Intnl_discount,2
250,FreeLocal,Intnl_discount,3
762,FreeLocal,Intnl_discount,4
1274,FreeLocal,Intnl_discount,4
1786,FreeLocal,Intnl_discount,1
174,Budget,Intnl_discount,4
686,Budget,Intnl_discount,3
1198,Budget,Intnl_discount,4
1710,Budget,Intnl_discount,4
267,Budget,Intnl_discount,2
779,Budget,Intnl_discount,4
1291,Budget,Intnl_discount,3
1803,Budget,Intnl_discount,3
383,FreeLocal,Standard,2
895,FreeLocal,Standard,3
1407,FreeLocal,Standard,2
1919,FreeLocal,Standard,1
3524,Budget,Intnl_discount,1
3768,Budget,Intnl_discount,1
2605,FreeLocal,Standard,1
166,FreeLocal,Standard,3
678,FreeLocal,Standard,1
1190,FreeLocal,Standard,1
1702,FreeLocal,Standard,3
2117,FreeLocal,Standard,2
2386,FreeLocal,Standard,4
2630,FreeLocal,Standard,3
2894,FreeLocal,Standard,1
3138,FreeLocal,Standard,4
3382,FreeLocal,Standard,4
3626,FreeLocal,Standard,4
455,Budget,Standard,2
967,Budget,Standard,4
2813,FreeLocal,Standard,1
2833,FreeLocal,Standard,2
3077,FreeLocal,Standard,1
3321,FreeLocal,Standard,3
3565,FreeLocal,Standard,4
1311,FreeLocal,Standard,1
1302,FreeLocal,Standard,4
491,FreeLocal,Standard,3
1003,FreeLocal,Standard,1
1515,FreeLocal,Standard,3
2027,FreeLocal,Standard,1
2273,FreeLocal,Standard,1
2542,FreeLocal,Standard,4
2786,FreeLocal,Standard,4
3050,FreeLocal,Standard,1
3294,FreeLocal,Standard,1
1534,Budget,Standard,1
2046,Budget,Standard,2
2291,Budget,Standard,2
2560,Budget,Standard,3
2804,Budget,Standard,2
3068,Budget,Standard,1
3312,Budget,Standard,2
3556,Budget,Standard,1
3800,Budget,Standard,2
329,FreeLocal,Standard,2
841,FreeLocal,Standard,4
1301,FreeLocal,Standard,4
1353,FreeLocal,Standard,4
1865,FreeLocal,Standard,4
2618,FreeLocal,Standard,3
53,Budget,Standard,4
758,Budget,Standard,4
1270,Budget,Standard,3
1782,Budget,Standard,4
2153,Budget,Standard,1
2422,Budget,Standard,3
2666,Budget,Standard,3
2930,Budget,Standard,2
3174,Budget,Standard,1
3418,Budget,Standard,1
3662,Budget,Standard,3
389,Budget,Standard,2
901,Budget,Standard,3
1413,Budget,Standard,3
1925,Budget,Standard,2
2186,Budget,Standard,3
2455,Budget,Standard,3
3570,Budget,Standard,2
1286,Budget,Intnl_discount,3
1293,FreeLocal,Standard,3
2667,FreeLocal,Standard,2
2931,FreeLocal,Standard,2
472,Budget,Standard,1
984,Budget,Standard,1
1496,Budget,Standard,1
2008,Budget,Standard,1
63,Budget,Intnl_discount,1
575,Budget,Intnl_discount,2
1087,Budget,Intnl_discount,4
1599,Budget,Intnl_discount,1
3675,Budget,Intnl_discount,1
3686,Budget,Intnl_discount,2
3696,Budget,Intnl_discount,4
2181,Budget,Standard,2
3690,Budget,Standard,2
421,FreeLocal,Standard,4
933,FreeLocal,Standard,2
1445,FreeLocal,Standard,4
1957,FreeLocal,Standard,4
192,FreeLocal,Standard,3
704,FreeLocal,Standard,4
1216,FreeLocal,Standard,3
1728,FreeLocal,Standard,4
276,Budget,Intnl_discount,1
788,Budget,Intnl_discount,3
1300,Budget,Intnl_discount,4
1812,Budget,Intnl_discount,1
120,FreeLocal,Standard,2
632,FreeLocal,Standard,4
1320,FreeLocal,Standard,4
290,Budget,Intnl_discount,1
802,Budget,Intnl_discount,2
1314,Budget,Intnl_discount,3
1826,Budget,Intnl_discount,1
495,Budget,Intnl_discount,1
1007,Budget,Intnl_discount,1
1519,Budget,Intnl_discount,2
2031,Budget,Intnl_discount,2
2277,Budget,Intnl_discount,3
2546,Budget,Intnl_discount,4
2790,Budget,Intnl_discount,4
3054,Budget,Intnl_discount,3
3298,Budget,Intnl_discount,3
3542,Budget,Intnl_discount,4
3786,Budget,Intnl_discount,3
1677,Budget,Standard,2
2372,Budget,Standard,2
2616,Budget,Standard,2
90,FreeLocal,Intnl_discount,2
602,FreeLocal,Intnl_discount,2
1114,FreeLocal,Intnl_discount,1
1626,FreeLocal,Intnl_discount,1
476,Budget,Intnl_discount,1
988,Budget,Intnl_discount,1
1500,Budget,Intnl_discount,1
2012,Budget,Intnl_discount,1
2259,Budget,Intnl_discount,1
2528,Budget,Intnl_discount,1
2772,Budget,Intnl_discount,1
3036,Budget,Intnl_discount,1
3280,Budget,Intnl_discount,1
1479,Budget,Standard,2
1991,Budget,Standard,1
2247,Budget,Standard,4
2516,Budget,Standard,4
2760,Budget,Standard,4
3024,Budget,Standard,1
3268,Budget,Standard,2
3512,Budget,Standard,1
3756,Budget,Standard,4
469,FreeLocal,Standard,2
981,FreeLocal,Standard,3
1493,FreeLocal,Standard,2
2005,FreeLocal,Standard,3
154,FreeLocal,Intnl_discount,4
838,Budget,Standard,1
1178,FreeLocal,Intnl_discount,1
1597,Budget,Standard,1
239,Budget,Standard,3
751,Budget,Standard,2
1263,Budget,Standard,3
1775,Budget,Standard,1
2147,Budget,Standard,2
2416,Budget,Standard,2
2660,Budget,Standard,3
2924,Budget,Standard,4
3168,Budget,Standard,3
3412,Budget,Standard,2
3656,Budget,Standard,1
233,FreeLocal,Intnl_discount,2
385,Budget,Standard,1
1281,FreeLocal,Standard,4
2154,FreeLocal,Standard,4
2663,FreeLocal,Intnl_discount,4
2927,FreeLocal,Intnl_discount,2
3171,FreeLocal,Intnl_discount,1
3415,FreeLocal,Intnl_discount,2
3659,FreeLocal,Intnl_discount,4
438,Budget,Standard,4
950,Budget,Standard,3
1462,Budget,Standard,3
1974,Budget,Standard,4
2232,Budget,Standard,1
2501,Budget,Standard,1
2745,Budget,Standard,3
3009,Budget,Standard,3
3253,Budget,Standard,1
3497,Budget,Standard,2
3741,Budget,Standard,1
3703,Budget,Standard,3
3709,Budget,Standard,3
3717,Budget,Standard,4
3722,Budget,Standard,4
257,FreeLocal,Standard,3
853,Budget,Intnl_discount,3
1257,FreeLocal,Intnl_discount,1
1758,Budget,Standard,4
1783,FreeLocal,Standard,4
2917,FreeLocal,Intnl_discount,2
3175,FreeLocal,Standard,4
75,FreeLocal,Standard,3
587,FreeLocal,Standard,4
1099,FreeLocal,Standard,1
1611,FreeLocal,Standard,2
379,FreeLocal,Standard,2
3467,FreeLocal,Standard,3
3711,FreeLocal,Standard,2
463,Budget,Standard,2
975,Budget,Standard,3
1487,Budget,Standard,4
1999,Budget,Standard,3
224,FreeLocal,Standard,2
736,FreeLocal,Standard,2
1248,FreeLocal,Standard,1
1760,FreeLocal,Standard,4
97,FreeLocal,Standard,4
609,FreeLocal,Standard,4
361,FreeLocal,Standard,2
873,FreeLocal,Standard,2
1385,FreeLocal,Standard,4
1897,FreeLocal,Standard,4
291,Budget,Standard,3
803,Budget,Standard,3
1315,Budget,Standard,1
1827,Budget,Standard,4
504,Budget,Standard,3
1016,Budget,Standard,1
1528,Budget,Standard,1
2040,Budget,Standard,2
2285,Budget,Standard,3
2554,Budget,Standard,1
2798,Budget,Standard,3
3062,Budget,Standard,3
3306,Budget,Standard,4
3550,Budget,Standard,2
3794,Budget,Standard,3
1280,FreeLocal,Standard,2
1277,FreeLocal,Standard,4
1406,Budget,Standard,3
1918,Budget,Standard,1
1171,Budget,Standard,2
2377,Budget,Standard,2
2621,Budget,Standard,2
1357,Budget,Standard,4
1869,Budget,Standard,3
160,Budget,Standard,4
672,Budget,Standard,2
1184,Budget,Standard,3
1696,Budget,Standard,3
2114,Budget,Standard,2
2383,Budget,Standard,2
2627,Budget,Standard,1
2891,Budget,Standard,3
3135,Budget,Standard,2
1310,Budget,Standard,1
111,FreeLocal,Standard,2
623,FreeLocal,Standard,3
1135,FreeLocal,Standard,2
1647,FreeLocal,Standard,2
2085,FreeLocal,Standard,3
2329,FreeLocal,Standard,1
2354,FreeLocal,Standard,3
2598,FreeLocal,Standard,1
2862,FreeLocal,Standard,3
3106,FreeLocal,Standard,4
3350,FreeLocal,Standard,4
3594,FreeLocal,Standard,4
429,FreeLocal,Intnl_discount,2
941,FreeLocal,Intnl_discount,3
1453,FreeLocal,Intnl_discount,2
2814,Budget,Intnl_discount,4
2834,Budget,Intnl_discount,2
3078,Budget,Intnl_discount,4
3322,Budget,Intnl_discount,4
3566,Budget,Intnl_discount,3
2852,FreeLocal,Standard,4
304,FreeLocal,Intnl_discount,3
816,FreeLocal,Intnl_discount,2
1328,FreeLocal,Intnl_discount,2
1840,FreeLocal,Intnl_discount,2
2608,FreeLocal,Standard,2
180,FreeLocal,Standard,4
692,FreeLocal,Standard,3
1204,FreeLocal,Standard,3
1716,FreeLocal,Standard,3
2123,FreeLocal,Standard,3
3419,FreeLocal,Standard,1
80,Budget,Standard,2
592,Budget,Standard,2
1104,Budget,Standard,4
1616,Budget,Standard,2
222,Budget,Standard,1
759,FreeLocal,Standard,1
795,Budget,Standard,1
1408,Budget,Standard,3
2653,FreeLocal,Intnl_discount,2
242,FreeLocal,Intnl_discount,3
754,FreeLocal,Intnl_discount,1
1266,FreeLocal,Intnl_discount,3
1778,FreeLocal,Intnl_discount,4
2150,FreeLocal,Intnl_discount,1
2419,FreeLocal,Intnl_discount,4
360,FreeLocal,Intnl_discount,2
872,FreeLocal,Intnl_discount,1
1384,FreeLocal,Intnl_discount,4
1896,FreeLocal,Intnl_discount,1
302,FreeLocal,Intnl_discount,2
814,FreeLocal,Intnl_discount,3
1326,FreeLocal,Intnl_discount,3
1838,FreeLocal,Intnl_discount,2
52,Budget,Standard,3
564,Budget,Standard,3
1076,Budget,Standard,4
1588,Budget,Standard,4
3672,Budget,Standard,3
3680,Budget,Standard,3
3688,Budget,Standard,4
3701,Budget,Standard,4
891,FreeLocal,Standard,1
1403,FreeLocal,Standard,4
1915,FreeLocal,Standard,1
2856,FreeLocal,Intnl_discount,4
666,FreeLocal,Intnl_discount,4
1690,FreeLocal,Intnl_discount,1
1862,Budget,Standard,3
405,FreeLocal,Standard,2
917,FreeLocal,Standard,1
1429,FreeLocal,Standard,4
1941,FreeLocal,Standard,1
2202,FreeLocal,Standard,1
2471,FreeLocal,Standard,4
2715,FreeLocal,Standard,4
2979,FreeLocal,Standard,2
3223,FreeLocal,Standard,1
350,Budget,Standard,1
862,Budget,Standard,3
1374,Budget,Standard,1
1886,Budget,Standard,2
215,FreeLocal,Intnl_discount,2
1239,FreeLocal,Intnl_discount,2
1751,FreeLocal,Intnl_discount,2
745,FreeLocal,Intnl_discount,2
769,FreeLocal,Standard,1
1365,Budget,Intnl_discount,3
2423,FreeLocal,Standard,1
3663,FreeLocal,Standard,4
317,FreeLocal,Standard,4
829,FreeLocal,Standard,1
1341,FreeLocal,Standard,1
1853,FreeLocal,Standard,1
1324,FreeLocal,Standard,3
497,Budget,Intnl_discount,1
1009,Budget,Intnl_discount,2
1521,Budget,Intnl_discount,2
2033,Budget,Intnl_discount,2
2279,Budget,Intnl_discount,3
2548,Budget,Intnl_discount,1
2792,Budget,Intnl_discount,4
3056,Budget,Intnl_discount,3
3300,Budget,Intnl_discount,2
3544,Budget,Intnl_discount,2
3788,Budget,Intnl_discount,2
1325,FreeLocal,Standard,2
78,FreeLocal,Intnl_discount,4
382,Budget,Standard,1
894,Budget,Standard,2
3379,Budget,Standard,1
3623,Budget,Standard,3
477,Budget,Intnl_discount,3
989,Budget,Intnl_discount,2
1501,Budget,Intnl_discount,2
2013,Budget,Intnl_discount,2
2260,Budget,Intnl_discount,4
2529,Budget,Intnl_discount,1
2773,Budget,Intnl_discount,3
3037,Budget,Intnl_discount,4
3281,Budget,Intnl_discount,1
3525,Budget,Intnl_discount,1
3769,Budget,Intnl_discount,2
286,Budget,Standard,4
333,Budget,Standard,2
846,FreeLocal,Standard,2
1965,FreeLocal,Intnl_discount,3
2223,FreeLocal,Intnl_discount,4
2492,FreeLocal,Intnl_discount,4
2736,FreeLocal,Intnl_discount,3
3000,FreeLocal,Intnl_discount,1
3244,FreeLocal,Intnl_discount,4
3488,FreeLocal,Intnl_discount,1
3732,FreeLocal,Intnl_discount,4
18,Budget,Intnl_discount,1
530,Budget,Intnl_discount,2
1042,Budget,Intnl_discount,1
1554,Budget,Intnl_discount,2
2057,Budget,Intnl_discount,2
2301,Budget,Intnl_discount,4
2570,Budget,Intnl_discount,1
2392,FreeLocal,Standard,1
2636,FreeLocal,Standard,4
2900,FreeLocal,Standard,1
3144,FreeLocal,Standard,4
3388,FreeLocal,Standard,3
3632,FreeLocal,Standard,4
161,FreeLocal,Standard,2
673,FreeLocal,Standard,4
1185,FreeLocal,Standard,3
1697,FreeLocal,Standard,3
436,Budget,Intnl_discount,2
948,Budget,Intnl_discount,3
1460,Budget,Intnl_discount,3
1972,Budget,Intnl_discount,3
2230,Budget,Intnl_discount,4
2499,Budget,Intnl_discount,3
2743,Budget,Intnl_discount,4
3007,Budget,Intnl_discount,2
3251,Budget,Intnl_discount,3
3495,Budget,Intnl_discount,2
3739,Budget,Intnl_discount,2
372,FreeLocal,Standard,2
884,FreeLocal,Standard,2
1396,FreeLocal,Standard,3
1908,FreeLocal,Standard,2
280,Budget,Standard,1
792,Budget,Standard,4
1304,Budget,Standard,2
1816,Budget,Standard,1
209,Budget,Intnl_discount,4
721,Budget,Intnl_discount,1
1233,Budget,Intnl_discount,3
1468,Budget,Intnl_discount,2
1980,Budget,Intnl_discount,1
2238,Budget,Intnl_discount,2
2507,Budget,Intnl_discount,3
2751,Budget,Intnl_discount,3
3015,Budget,Intnl_discount,4
3259,Budget,Intnl_discount,3
3503,Budget,Intnl_discount,2
3747,Budget,Intnl_discount,1
470,FreeLocal,Standard,1
982,FreeLocal,Standard,1
1494,FreeLocal,Standard,1
2006,FreeLocal,Standard,1
322,FreeLocal,Intnl_discount,3
845,Budget,Standard,3
1246,Budget,Standard,4
3724,Budget,Standard,2
201,FreeLocal,Standard,4
713,FreeLocal,Standard,3
1225,FreeLocal,Standard,1
1737,FreeLocal,Standard,2
35,FreeLocal,Standard,4
547,FreeLocal,Standard,4
1059,FreeLocal,Standard,3
1571,FreeLocal,Standard,4
2620,FreeLocal,Standard,1
3821,FreeLocal,Standard,4
288,Budget,Intnl_discount,2
800,Budget,Intnl_discount,3
1312,Budget,Intnl_discount,3
1824,Budget,Intnl_discount,2
283,Budget,Standard,3
2944,FreeLocal,Standard,1
3188,FreeLocal,Standard,4
3432,FreeLocal,Standard,3
3676,FreeLocal,Standard,2
467,FreeLocal,Standard,2
979,FreeLocal,Standard,2
1491,FreeLocal,Standard,2
2003,FreeLocal,Standard,2
2255,FreeLocal,Standard,2
88,FreeLocal,Standard,4
1112,FreeLocal,Standard,4
1335,FreeLocal,Standard,2
561,FreeLocal,Standard,4
1073,FreeLocal,Standard,4
346,FreeLocal,Standard,1
858,FreeLocal,Standard,3
3694,FreeLocal,Standard,2
130,Budget,Standard,4
363,Budget,Standard,4
875,Budget,Standard,1
1387,Budget,Standard,1
1899,Budget,Standard,2
73,FreeLocal,Intnl_discount,4
585,FreeLocal,Intnl_discount,3
1097,FreeLocal,Intnl_discount,3
1609,FreeLocal,Intnl_discount,3
218,FreeLocal,Intnl_discount,3
338,Budget,Standard,4
384,Budget,Standard,2
730,FreeLocal,Intnl_discount,4
737,Budget,Standard,2
897,Budget,Standard,3
2602,FreeLocal,Intnl_discount,1
2866,FreeLocal,Intnl_discount,4
54,Budget,Standard,2
566,Budget,Standard,1
1078,Budget,Standard,1
1590,Budget,Standard,1
3673,Budget,Standard,2
3681,Budget,Standard,1
3689,Budget,Standard,1
3702,Budget,Standard,1
3705,Budget,Standard,2
3712,Budget,Standard,1
3718,Budget,Standard,1
3723,Budget,Standard,1
468,FreeLocal,Standard,2
980,FreeLocal,Standard,2
3469,FreeLocal,Intnl_discount,3
3713,FreeLocal,Intnl_discount,3
474,FreeLocal,Intnl_discount,1
986,FreeLocal,Intnl_discount,2
1498,FreeLocal,Intnl_discount,2
2010,FreeLocal,Intnl_discount,1
2257,FreeLocal,Intnl_discount,1
2526,FreeLocal,Intnl_discount,2
2770,FreeLocal,Intnl_discount,2
3034,FreeLocal,Intnl_discount,2
3278,FreeLocal,Intnl_discount,1
3522,FreeLocal,Intnl_discount,2
3766,FreeLocal,Intnl_discount,1
241,FreeLocal,Intnl_discount,2
753,FreeLocal,Intnl_discount,1
207,FreeLocal,Standard,2
719,FreeLocal,Standard,2
1231,FreeLocal,Standard,1
1743,FreeLocal,Standard,3
2136,FreeLocal,Standard,1
2405,FreeLocal,Standard,1
2649,FreeLocal,Standard,1
2913,FreeLocal,Standard,2
3157,FreeLocal,Standard,4
3401,FreeLocal,Standard,2
3645,FreeLocal,Standard,3
261,Budget,Standard,3
773,Budget,Standard,4
1285,Budget,Standard,3
1797,Budget,Standard,1
263,Budget,Standard,3
1745,Budget,Intnl_discount,3
225,Budget,Standard,4
247,FreeLocal,Standard,4
734,Budget,Standard,3
850,Budget,Standard,2
1242,FreeLocal,Intnl_discount,4
1307,Budget,Standard,1
1409,Budget,Standard,2
2409,FreeLocal,Intnl_discount,2
2658,FreeLocal,Intnl_discount,2
3649,FreeLocal,Intnl_discount,3
85,FreeLocal,Intnl_discount,4
95,Budget,Intnl_discount,2
607,Budget,Intnl_discount,3
1119,Budget,Intnl_discount,3
1631,Budget,Intnl_discount,2
1346,FreeLocal,Intnl_discount,2
1350,Budget,Standard,2
1769,FreeLocal,Intnl_discount,4
3166,FreeLocal,Intnl_discount,1
857,Budget,Standard,2
1369,Budget,Standard,2
418,Budget,Standard,3
930,Budget,Standard,2
1442,Budget,Standard,4
1954,Budget,Standard,2
2215,Budget,Standard,3
2484,Budget,Standard,2
2728,Budget,Standard,3
2992,Budget,Standard,1
3236,Budget,Standard,4
3480,Budget,Standard,4
331,Budget,Intnl_discount,3
798,Budget,Standard,1
896,Budget,Standard,3
1271,FreeLocal,Standard,1
1355,Budget,Intnl_discount,2
1358,FreeLocal,Standard,4
1822,Budget,Standard,1
1870,FreeLocal,Standard,3
2922,FreeLocal,Intnl_discount,1
312,FreeLocal,Standard,4
824,FreeLocal,Standard,3
1336,FreeLocal,Standard,4
1848,FreeLocal,Standard,4
2167,FreeLocal,Standard,2
2436,FreeLocal,Standard,3
2680,FreeLocal,Standard,2
1370,FreeLocal,Standard,2
1882,FreeLocal,Standard,3
272,FreeLocal,Intnl_discount,4
784,FreeLocal,Intnl_discount,2
1296,FreeLocal,Intnl_discount,2
1808,FreeLocal,Intnl_discount,4
388,FreeLocal,Standard,2
900,FreeLocal,Standard,1
1412,FreeLocal,Standard,2
1924,FreeLocal,Standard,3
2185,FreeLocal,Standard,4
2454,FreeLocal,Standard,1
2698,FreeLocal,Standard,1
2962,FreeLocal,Standard,3
3206,FreeLocal,Standard,2
3450,FreeLocal,Standard,4
1249,Budget,Standard,3
1362,Budget,Standard,1
1754,FreeLocal,Intnl_discount,3
2140,FreeLocal,Intnl_discount,1
2145,FreeLocal,Intnl_discount,1
2414,FreeLocal,Intnl_discount,1
3161,FreeLocal,Intnl_discount,1
3405,FreeLocal,Intnl_discount,3
3410,FreeLocal,Intnl_discount,3
3654,FreeLocal,Intnl_discount,4
37,Budget,Standard,4
549,Budget,Standard,4
1061,Budget,Standard,4
1573,Budget,Standard,4
2623,Budget,Standard,2
3823,Budget,Standard,4
1492,FreeLocal,Standard,2
2004,FreeLocal,Standard,2
2256,FreeLocal,Standard,2
81,FreeLocal,Standard,4
593,FreeLocal,Standard,4
1105,FreeLocal,Standard,4
1617,FreeLocal,Standard,4
407,FreeLocal,Intnl_discount,3
919,FreeLocal,Intnl_discount,3
1431,FreeLocal,Intnl_discount,2
1943,FreeLocal,Intnl_discount,1
2204,FreeLocal,Intnl_discount,1
2473,FreeLocal,Intnl_discount,1
2717,FreeLocal,Intnl_discount,3
2981,FreeLocal,Intnl_discount,1
3225,FreeLocal,Intnl_discount,3
1265,FreeLocal,Intnl_discount,3
1777,FreeLocal,Intnl_discount,4
2149,FreeLocal,Intnl_discount,1
2418,FreeLocal,Intnl_discount,1
2662,FreeLocal,Intnl_discount,3
2926,FreeLocal,Intnl_discount,3
3170,FreeLocal,Intnl_discount,1
3414,FreeLocal,Intnl_discount,4
3658,FreeLocal,Intnl_discount,1
265,Budget,Intnl_discount,4
777,Budget,Intnl_discount,2
1289,Budget,Intnl_discount,4
1801,Budget,Intnl_discount,1
1298,Budget,Standard,4
341,Budget,Intnl_discount,2
775,Budget,Standard,2
1287,Budget,Standard,4
1799,Budget,Standard,4
206,Budget,Standard,1
718,Budget,Standard,2
1230,Budget,Standard,4
1742,Budget,Standard,2
2135,Budget,Standard,2
2404,Budget,Standard,3
2648,Budget,Standard,2
2912,Budget,Standard,1
3156,Budget,Standard,3
3400,Budget,Standard,4
3644,Budget,Standard,1
426,Budget,Standard,3
938,Budget,Standard,2
1450,Budget,Standard,3
1962,Budget,Standard,3
2220,Budget,Standard,3
2489,Budget,Standard,1
2733,Budget,Standard,2
2997,Budget,Standard,4
3241,Budget,Standard,4
3485,Budget,Standard,2
3729,Budget,Standard,3
1327,FreeLocal,Standard,2
428,Budget,Intnl_discount,2
940,Budget,Intnl_discount,4
1452,Budget,Intnl_discount,3
1964,Budget,Intnl_discount,1
2222,Budget,Intnl_discount,3
2491,Budget,Intnl_discount,3
3577,FreeLocal,Standard,3
270,FreeLocal,Intnl_discount,4
782,FreeLocal,Intnl_discount,4
1294,FreeLocal,Intnl_discount,4
1806,FreeLocal,Intnl_discount,4
2429,FreeLocal,Intnl_discount,4
2673,FreeLocal,Intnl_discount,4
2937,FreeLocal,Intnl_discount,4
3425,FreeLocal,Intnl_discount,4
471,Budget,Intnl_discount,3
983,Budget,Intnl_discount,4
1495,Budget,Intnl_discount,2
2007,Budget,Intnl_discount,2
450,FreeLocal,Standard,4
962,FreeLocal,Standard,1
3066,FreeLocal,Intnl_discount,2
3310,FreeLocal,Intnl_discount,2
3554,FreeLocal,Intnl_discount,4
3798,FreeLocal,Intnl_discount,2
509,FreeLocal,Standard,2
1021,FreeLocal,Standard,4
1533,FreeLocal,Standard,2
2045,FreeLocal,Standard,1
2290,FreeLocal,Standard,3
2559,FreeLocal,Standard,4
2803,FreeLocal,Standard,2
3067,FreeLocal,Standard,2
3311,FreeLocal,Standard,4
3555,FreeLocal,Standard,1
3799,FreeLocal,Standard,1
148,FreeLocal,Standard,3
1937,Budget,Standard,1
2198,Budget,Standard,4
2467,Budget,Standard,3
2711,Budget,Standard,1
2975,Budget,Standard,2
3219,Budget,Standard,2
3463,Budget,Standard,2
3707,Budget,Standard,1
354,Budget,Standard,3
866,Budget,Standard,4
1378,Budget,Standard,2
1890,Budget,Standard,1
464,Budget,Intnl_discount,2
976,Budget,Intnl_discount,2
1488,Budget,Intnl_discount,2
2000,Budget,Intnl_discount,2
109,Budget,Standard,4
621,Budget,Standard,4
1133,Budget,Standard,2
1645,Budget,Standard,4
2083,Budget,Standard,1
2327,Budget,Standard,4
2352,Budget,Standard,1
2596,Budget,Standard,4
2860,Budget,Standard,1
3104,Budget,Standard,4
3348,Budget,Standard,4
3592,Budget,Standard,4
1127,FreeLocal,Standard,2
1639,FreeLocal,Standard,2
2854,FreeLocal,Standard,2
169,Budget,Intnl_discount,1
681,Budget,Intnl_discount,1
2952,FreeLocal,Standard,4
3196,FreeLocal,Standard,3
3440,FreeLocal,Standard,3
3684,FreeLocal,Standard,1
840,Budget,Standard,4
1352,Budget,Standard,4
2173,Budget,Standard,4
2442,Budget,Standard,4
3194,Budget,Standard,4
3438,Budget,Standard,4
3682,Budget,Standard,4
244,FreeLocal,Intnl_discount,3
756,FreeLocal,Intnl_discount,2
1268,FreeLocal,Intnl_discount,3
1780,FreeLocal,Intnl_discount,4
398,Budget,Standard,2
505,Budget,Standard,4
1017,Budget,Standard,3
1529,Budget,Standard,4
2041,Budget,Standard,1
2286,Budget,Standard,2
2555,Budget,Standard,3
2799,Budget,Standard,3
3063,Budget,Standard,4
3307,Budget,Standard,1
3551,Budget,Standard,3
3795,Budget,Standard,1
493,Budget,Standard,3
1005,Budget,Standard,4
1517,Budget,Standard,4
2029,Budget,Standard,4
2275,Budget,Standard,4
3657,Budget,Standard,3
506,Budget,Standard,4
1018,Budget,Standard,1
1530,Budget,Standard,4
2042,Budget,Standard,4
2287,Budget,Standard,3
2556,Budget,Standard,2
2800,Budget,Standard,1
3064,Budget,Standard,2
3308,Budget,Standard,4
3552,Budget,Standard,3
3796,Budget,Standard,4
461,FreeLocal,Standard,1
973,FreeLocal,Standard,3
1485,FreeLocal,Standard,2
1997,FreeLocal,Standard,1
2735,Budget,Intnl_discount,2
2999,Budget,Intnl_discount,1
3243,Budget,Intnl_discount,4
3487,Budget,Intnl_discount,1
3731,Budget,Intnl_discount,4
45,FreeLocal,Standard,2
557,FreeLocal,Standard,3
1069,FreeLocal,Standard,2
1581,FreeLocal,Standard,2
2068,FreeLocal,Standard,2
2312,FreeLocal,Standard,4
2581,FreeLocal,Standard,4
2825,FreeLocal,Standard,2
2845,FreeLocal,Standard,2
3089,FreeLocal,Standard,2
3333,FreeLocal,Standard,4
1474,FreeLocal,Standard,2
1986,FreeLocal,Standard,2
2243,FreeLocal,Standard,3
2512,FreeLocal,Standard,3
2756,FreeLocal,Standard,4
3020,FreeLocal,Standard,2
3264,FreeLocal,Standard,2
3508,FreeLocal,Standard,3
3752,FreeLocal,Standard,3
508,FreeLocal,Intnl_discount,2
1020,FreeLocal,Intnl_discount,3
1532,FreeLocal,Intnl_discount,3
2044,FreeLocal,Intnl_discount,1
2289,FreeLocal,Intnl_discount,4
2558,FreeLocal,Intnl_discount,4
2802,FreeLocal,Intnl_discount,3
660,FreeLocal,Standard,3
1172,FreeLocal,Standard,1
1684,FreeLocal,Standard,2
2109,FreeLocal,Standard,3
2378,FreeLocal,Standard,2
2622,FreeLocal,Standard,4
2886,FreeLocal,Standard,2
3130,FreeLocal,Standard,4
3374,FreeLocal,Standard,3
3618,FreeLocal,Standard,3
1316,Budget,Standard,2
2604,Budget,Intnl_discount,3
2868,Budget,Intnl_discount,4
401,Budget,Standard,3
913,Budget,Standard,2
1425,Budget,Standard,2
2252,Budget,Intnl_discount,2
191,FreeLocal,Standard,4
703,FreeLocal,Standard,4
1215,FreeLocal,Standard,1
1727,FreeLocal,Standard,4
2132,FreeLocal,Standard,3
2401,FreeLocal,Standard,3
2645,FreeLocal,Standard,3
2909,FreeLocal,Standard,1
3153,FreeLocal,Standard,4
3397,FreeLocal,Standard,3
3641,FreeLocal,Standard,4
339,FreeLocal,Standard,3
851,FreeLocal,Standard,3
1363,FreeLocal,Standard,1
1875,FreeLocal,Standard,3
1193,Budget,Intnl_discount,1
1705,Budget,Intnl_discount,1
2119,Budget,Intnl_discount,1
2388,Budget,Intnl_discount,1
2632,Budget,Intnl_discount,1
2896,Budget,Intnl_discount,1
3140,Budget,Intnl_discount,1
3384,Budget,Intnl_discount,1
3628,Budget,Intnl_discount,1
336,FreeLocal,Standard,4
848,FreeLocal,Standard,2
1360,FreeLocal,Standard,1
1872,FreeLocal,Standard,4
2175,FreeLocal,Standard,1
2444,FreeLocal,Standard,4
2688,FreeLocal,Standard,2
910,Budget,Standard,4
1422,Budget,Standard,3
1934,Budget,Standard,3
2195,Budget,Standard,4
2464,Budget,Standard,4
2708,Budget,Standard,1
2972,Budget,Standard,2
3216,Budget,Standard,2
3460,Budget,Standard,2
3704,Budget,Standard,2
2601,FreeLocal,Standard,1
2865,FreeLocal,Standard,4
318,FreeLocal,Standard,4
830,FreeLocal,Standard,1
1342,FreeLocal,Standard,1
1854,FreeLocal,Standard,1
1282,FreeLocal,Standard,2
2544,Budget,Standard,3
2788,Budget,Standard,4
3052,Budget,Standard,1
3296,Budget,Standard,3
3540,Budget,Standard,3
3784,Budget,Standard,4
240,Budget,Standard,2
752,Budget,Standard,4
1264,Budget,Standard,3
1776,Budget,Standard,1
2148,Budget,Standard,1
2417,Budget,Standard,3
2661,Budget,Standard,2
2925,Budget,Standard,4
3169,Budget,Standard,1
3413,Budget,Standard,1
465,Budget,Standard,2
977,Budget,Standard,2
1489,Budget,Standard,2
2001,Budget,Standard,2
2253,Budget,Standard,2
87,FreeLocal,Standard,4
599,FreeLocal,Standard,4
1111,FreeLocal,Standard,3
1623,FreeLocal,Standard,2
2851,FreeLocal,Standard,4
427,FreeLocal,Intnl_discount,1
939,FreeLocal,Intnl_discount,3
1451,FreeLocal,Intnl_discount,1
1963,FreeLocal,Intnl_discount,4
2221,FreeLocal,Intnl_discount,4
2490,FreeLocal,Intnl_discount,2
2734,FreeLocal,Intnl_discount,2
2998,FreeLocal,Intnl_discount,4
3242,FreeLocal,Intnl_discount,1
3486,FreeLocal,Intnl_discount,2
3730,FreeLocal,Intnl_discount,2
285,FreeLocal,Standard,3
797,FreeLocal,Standard,1
1309,FreeLocal,Standard,3
1821,FreeLocal,Standard,4
456,FreeLocal,Standard,1
968,FreeLocal,Standard,4
1480,FreeLocal,Standard,4
1992,FreeLocal,Standard,4
2248,FreeLocal,Standard,3
2517,FreeLocal,Standard,1
2761,FreeLocal,Standard,2
750,FreeLocal,Intnl_discount,4
1262,FreeLocal,Intnl_discount,1
1774,FreeLocal,Intnl_discount,2
2146,FreeLocal,Intnl_discount,4
2415,FreeLocal,Intnl_discount,3
2659,FreeLocal,Intnl_discount,3
2923,FreeLocal,Intnl_discount,1
3167,FreeLocal,Intnl_discount,1
3411,FreeLocal,Intnl_discount,3
3655,FreeLocal,Intnl_discount,2
79,FreeLocal,Standard,4
591,FreeLocal,Standard,4
1103,FreeLocal,Standard,4
1615,FreeLocal,Standard,4
2612,FreeLocal,Standard,1
61,Budget,Standard,4
3025,FreeLocal,Standard,4
3269,FreeLocal,Standard,4
3513,FreeLocal,Standard,3
3757,FreeLocal,Standard,2
243,FreeLocal,Standard,3
755,FreeLocal,Standard,4
1267,FreeLocal,Standard,2
1779,FreeLocal,Standard,1
2151,FreeLocal,Standard,3
2420,FreeLocal,Standard,2
2664,FreeLocal,Standard,3
2928,FreeLocal,Standard,4
3172,FreeLocal,Standard,2
3416,FreeLocal,Standard,1
3660,FreeLocal,Standard,1
238,FreeLocal,Intnl_discount,4
326,Budget,Standard,4
573,Budget,Standard,4
834,FreeLocal,Intnl_discount,4
1858,FreeLocal,Intnl_discount,1
334,FreeLocal,Standard,4
843,Budget,Intnl_discount,1
1085,Budget,Standard,2
1867,Budget,Intnl_discount,3
